sep=;
time;model_id;model_name;port_name;data
0;1;(7,9);;<0,0>
0;2;(6,9);;<0,0>
0;3;(4,9);;<0,0>
0;4;(1,9);;<0,0>
0;5;(8,8);;<0,0>
0;6;(7,8);;<0,0>
0;7;(6,8);;<0,0>
0;8;(5,8);;<0,0>
0;9;(4,8);;<0,0>
0;10;(1,8);;<0,0>
0;11;(0,8);;<0,0>
0;12;(9,7);;<0,0>
0;13;(8,7);;<0,0>
0;14;(9,9);;<0,0>
0;15;(6,7);;<0,0>
0;16;(3,7);;<0,0>
0;17;(2,7);;<0,0>
0;18;(1,7);;<0,0>
0;19;(0,7);;<0,0>
0;20;(9,6);;<0,0>
0;21;(6,6);;<0,0>
0;22;(5,6);;<0,0>
0;23;(2,6);;<0,0>
0;24;(7,7);;<0,0>
0;25;(0,6);;<0,0>
0;26;(4,6);;<0,0>
0;27;(2,2);;<0,0>
0;28;(3,9);;<0,0>
0;29;(5,2);;<0,0>
0;30;(2,9);;<0,0>
0;31;(9,5);;<0,0>
0;32;(9,1);;<0,0>
0;33;(7,1);;<0,0>
0;34;(6,1);;<0,0>
0;35;(8,5);;<0,0>
0;36;(8,0);;<0,0>
0;37;(7,0);;<0,0>
0;38;(5,7);;<0,0>
0;39;(0,1);;<0,0>
0;40;(1,4);;<0,0>
0;41;(9,8);;<0,0>
0;42;(6,0);;<0,0>
0;43;(5,9);;<0,0>
0;44;(7,3);;<0,0>
0;45;(1,1);;<1,0>
0;46;(7,5);;<0,0>
0;47;(8,9);;<0,0>
0;48;(2,1);;<1,0>
0;49;(2,8);;<0,0>
0;50;(3,3);;<1,0>
0;51;(3,0);;<0,0>
0;52;(1,3);;<1,0>
0;53;(9,3);;<0,0>
0;54;(1,5);;<0,0>
0;55;(6,5);;<0,0>
0;56;(0,9);;<0,0>
0;57;(8,3);;<0,0>
0;58;(4,2);;<0,0>
0;59;(0,3);;<0,0>
0;60;(3,8);;<0,0>
0;61;(2,3);;<1,0>
0;62;(3,1);;<1,0>
0;63;(2,4);;<0,0>
0;64;(5,0);;<0,0>
0;65;(4,0);;<0,0>
0;66;(1,2);;<1,0>
0;67;(0,0);;<0,0>
0;68;(6,2);;<0,0>
0;69;(3,2);;<1,0>
0;70;(3,5);;<0,0>
0;71;(3,6);;<0,0>
0;72;(2,0);;<0,0>
0;73;(7,2);;<0,0>
0;74;(8,6);;<0,0>
0;75;(8,2);;<0,0>
0;76;(0,2);;<0,0>
0;77;(4,1);;<0,0>
0;78;(9,2);;<0,0>
0;79;(5,3);;<0,0>
0;80;(6,3);;<0,0>
0;81;(4,3);;<0,0>
0;82;(0,4);;<0,0>
0;83;(4,7);;<0,0>
0;84;(0,5);;<0,0>
0;85;(3,4);;<0,0>
0;86;(4,4);;<0,0>
0;87;(4,5);;<0,0>
0;88;(7,4);;<0,0>
0;89;(5,4);;<0,0>
0;90;(1,6);;<0,0>
0;91;(9,0);;<0,0>
0;92;(8,4);;<0,0>
0;93;(6,4);;<0,0>
0;94;(7,6);;<0,0>
0;95;(1,0);;<0,0>
0;96;(9,4);;<0,0>
0;97;(8,1);;<0,0>
0;98;(5,1);;<0,0>
0;99;(2,5);;<0,0>
0;100;(5,5);;<0,0>
0;1;(7,9);outputNeighborhood;<0,0>
0;1;(7,9);;<0,6>
0;2;(6,9);outputNeighborhood;<0,0>
0;2;(6,9);;<0,6>
0;3;(4,9);outputNeighborhood;<0,0>
0;3;(4,9);;<0,6>
0;4;(1,9);outputNeighborhood;<0,0>
0;4;(1,9);;<0,6>
0;5;(8,8);outputNeighborhood;<0,0>
0;5;(8,8);;<0,9>
0;6;(7,8);outputNeighborhood;<0,0>
0;6;(7,8);;<0,9>
0;7;(6,8);outputNeighborhood;<0,0>
0;7;(6,8);;<0,9>
0;8;(5,8);outputNeighborhood;<0,0>
0;8;(5,8);;<0,9>
0;9;(4,8);outputNeighborhood;<0,0>
0;9;(4,8);;<0,9>
0;10;(1,8);outputNeighborhood;<0,0>
0;10;(1,8);;<0,9>
0;11;(0,8);outputNeighborhood;<0,0>
0;11;(0,8);;<0,6>
0;12;(9,7);outputNeighborhood;<0,0>
0;12;(9,7);;<0,6>
0;13;(8,7);outputNeighborhood;<0,0>
0;13;(8,7);;<0,9>
0;14;(9,9);outputNeighborhood;<0,0>
0;14;(9,9);;<0,4>
0;15;(6,7);outputNeighborhood;<0,0>
0;15;(6,7);;<0,9>
0;16;(3,7);outputNeighborhood;<0,0>
0;16;(3,7);;<0,9>
0;17;(2,7);outputNeighborhood;<0,0>
0;17;(2,7);;<0,9>
0;18;(1,7);outputNeighborhood;<0,0>
0;18;(1,7);;<0,9>
0;19;(0,7);outputNeighborhood;<0,0>
0;19;(0,7);;<0,6>
0;20;(9,6);outputNeighborhood;<0,0>
0;20;(9,6);;<0,6>
0;21;(6,6);outputNeighborhood;<0,0>
0;21;(6,6);;<0,9>
0;22;(5,6);outputNeighborhood;<0,0>
0;22;(5,6);;<0,9>
0;23;(2,6);outputNeighborhood;<0,0>
0;23;(2,6);;<0,9>
0;24;(7,7);outputNeighborhood;<0,0>
0;24;(7,7);;<0,9>
0;25;(0,6);outputNeighborhood;<0,0>
0;25;(0,6);;<0,6>
0;26;(4,6);outputNeighborhood;<0,0>
0;26;(4,6);;<0,9>
0;27;(2,2);outputNeighborhood;<0,0>
0;27;(2,2);;<0,41>
0;28;(3,9);outputNeighborhood;<0,0>
0;28;(3,9);;<0,6>
0;29;(5,2);outputNeighborhood;<0,0>
0;29;(5,2);;<0,9>
0;30;(2,9);outputNeighborhood;<0,0>
0;30;(2,9);;<0,6>
0;31;(9,5);outputNeighborhood;<0,0>
0;31;(9,5);;<0,6>
0;32;(9,1);outputNeighborhood;<0,0>
0;32;(9,1);;<0,6>
0;33;(7,1);outputNeighborhood;<0,0>
0;33;(7,1);;<0,9>
0;34;(6,1);outputNeighborhood;<0,0>
0;34;(6,1);;<0,9>
0;35;(8,5);outputNeighborhood;<0,0>
0;35;(8,5);;<0,9>
0;36;(8,0);outputNeighborhood;<0,0>
0;36;(8,0);;<0,6>
0;37;(7,0);outputNeighborhood;<0,0>
0;37;(7,0);;<0,6>
0;38;(5,7);outputNeighborhood;<0,0>
0;38;(5,7);;<0,9>
0;39;(0,1);outputNeighborhood;<0,0>
0;39;(0,1);;<0,14>
0;40;(1,4);outputNeighborhood;<0,0>
0;40;(1,4);;<0,17>
0;41;(9,8);outputNeighborhood;<0,0>
0;41;(9,8);;<0,6>
0;42;(6,0);outputNeighborhood;<0,0>
0;42;(6,0);;<0,6>
0;43;(5,9);outputNeighborhood;<0,0>
0;43;(5,9);;<0,6>
0;44;(7,3);outputNeighborhood;<0,0>
0;44;(7,3);;<0,9>
0;45;(1,1);outputNeighborhood;<1,0>
0;45;(1,1);;<1,9>
0;46;(7,5);outputNeighborhood;<0,0>
0;46;(7,5);;<0,9>
0;47;(8,9);outputNeighborhood;<0,0>
0;47;(8,9);;<0,6>
0;48;(2,1);outputNeighborhood;<1,0>
0;48;(2,1);;<1,15>
0;49;(2,8);outputNeighborhood;<0,0>
0;49;(2,8);;<0,9>
0;50;(3,3);outputNeighborhood;<1,0>
0;50;(3,3);;<1,9>
0;51;(3,0);outputNeighborhood;<0,0>
0;51;(3,0);;<0,14>
0;52;(1,3);outputNeighborhood;<1,0>
0;52;(1,3);;<1,9>
0;53;(9,3);outputNeighborhood;<0,0>
0;53;(9,3);;<0,6>
0;54;(1,5);outputNeighborhood;<0,0>
0;54;(1,5);;<0,9>
0;55;(6,5);outputNeighborhood;<0,0>
0;55;(6,5);;<0,9>
0;56;(0,9);outputNeighborhood;<0,0>
0;56;(0,9);;<0,4>
0;57;(8,3);outputNeighborhood;<0,0>
0;57;(8,3);;<0,9>
0;58;(4,2);outputNeighborhood;<0,0>
0;58;(4,2);;<0,21>
0;59;(0,3);outputNeighborhood;<0,0>
0;59;(0,3);;<0,14>
0;60;(3,8);outputNeighborhood;<0,0>
0;60;(3,8);;<0,9>
0;61;(2,3);outputNeighborhood;<1,0>
0;61;(2,3);;<1,15>
0;62;(3,1);outputNeighborhood;<1,0>
0;62;(3,1);;<1,9>
0;63;(2,4);outputNeighborhood;<0,0>
0;63;(2,4);;<0,21>
0;64;(5,0);outputNeighborhood;<0,0>
0;64;(5,0);;<0,6>
0;65;(4,0);outputNeighborhood;<0,0>
0;65;(4,0);;<0,10>
0;66;(1,2);outputNeighborhood;<1,0>
0;66;(1,2);;<1,15>
0;67;(0,0);outputNeighborhood;<0,0>
0;67;(0,0);;<0,8>
0;68;(6,2);outputNeighborhood;<0,0>
0;68;(6,2);;<0,9>
0;69;(3,2);outputNeighborhood;<1,0>
0;69;(3,2);;<1,15>
0;70;(3,5);outputNeighborhood;<0,0>
0;70;(3,5);;<0,9>
0;71;(3,6);outputNeighborhood;<0,0>
0;71;(3,6);;<0,9>
0;72;(2,0);outputNeighborhood;<0,0>
0;72;(2,0);;<0,18>
0;73;(7,2);outputNeighborhood;<0,0>
0;73;(7,2);;<0,9>
0;74;(8,6);outputNeighborhood;<0,0>
0;74;(8,6);;<0,9>
0;75;(8,2);outputNeighborhood;<0,0>
0;75;(8,2);;<0,9>
0;76;(0,2);outputNeighborhood;<0,0>
0;76;(0,2);;<0,18>
0;77;(4,1);outputNeighborhood;<0,0>
0;77;(4,1);;<0,17>
0;78;(9,2);outputNeighborhood;<0,0>
0;78;(9,2);;<0,6>
0;79;(5,3);outputNeighborhood;<0,0>
0;79;(5,3);;<0,9>
0;80;(6,3);outputNeighborhood;<0,0>
0;80;(6,3);;<0,9>
0;81;(4,3);outputNeighborhood;<0,0>
0;81;(4,3);;<0,17>
0;82;(0,4);outputNeighborhood;<0,0>
0;82;(0,4);;<0,10>
0;83;(4,7);outputNeighborhood;<0,0>
0;83;(4,7);;<0,9>
0;84;(0,5);outputNeighborhood;<0,0>
0;84;(0,5);;<0,6>
0;85;(3,4);outputNeighborhood;<0,0>
0;85;(3,4);;<0,17>
0;86;(4,4);outputNeighborhood;<0,0>
0;86;(4,4);;<0,13>
0;87;(4,5);outputNeighborhood;<0,0>
0;87;(4,5);;<0,9>
0;88;(7,4);outputNeighborhood;<0,0>
0;88;(7,4);;<0,9>
0;89;(5,4);outputNeighborhood;<0,0>
0;89;(5,4);;<0,9>
0;90;(1,6);outputNeighborhood;<0,0>
0;90;(1,6);;<0,9>
0;91;(9,0);outputNeighborhood;<0,0>
0;91;(9,0);;<0,4>
0;92;(8,4);outputNeighborhood;<0,0>
0;92;(8,4);;<0,9>
0;93;(6,4);outputNeighborhood;<0,0>
0;93;(6,4);;<0,9>
0;94;(7,6);outputNeighborhood;<0,0>
0;94;(7,6);;<0,9>
0;95;(1,0);outputNeighborhood;<0,0>
0;95;(1,0);;<0,14>
0;96;(9,4);outputNeighborhood;<0,0>
0;96;(9,4);;<0,6>
0;97;(8,1);outputNeighborhood;<0,0>
0;97;(8,1);;<0,9>
0;98;(5,1);outputNeighborhood;<0,0>
0;98;(5,1);;<0,9>
0;99;(2,5);outputNeighborhood;<0,0>
0;99;(2,5);;<0,9>
0;100;(5,5);outputNeighborhood;<0,0>
0;100;(5,5);;<0,9>
1;1;(7,9);outputNeighborhood;<0,6>
1;1;(7,9);;<0,12>
1;2;(6,9);outputNeighborhood;<0,6>
1;2;(6,9);;<0,12>
1;3;(4,9);outputNeighborhood;<0,6>
1;3;(4,9);;<0,12>
1;4;(1,9);outputNeighborhood;<0,6>
1;4;(1,9);;<0,12>
1;5;(8,8);outputNeighborhood;<0,9>
1;5;(8,8);;<0,18>
1;6;(7,8);outputNeighborhood;<0,9>
1;6;(7,8);;<0,18>
1;7;(6,8);outputNeighborhood;<0,9>
1;7;(6,8);;<0,18>
1;8;(5,8);outputNeighborhood;<0,9>
1;8;(5,8);;<0,18>
1;9;(4,8);outputNeighborhood;<0,9>
1;9;(4,8);;<0,18>
1;10;(1,8);outputNeighborhood;<0,9>
1;10;(1,8);;<0,18>
1;11;(0,8);outputNeighborhood;<0,6>
1;11;(0,8);;<0,12>
1;12;(9,7);outputNeighborhood;<0,6>
1;12;(9,7);;<0,12>
1;13;(8,7);outputNeighborhood;<0,9>
1;13;(8,7);;<0,18>
1;14;(9,9);outputNeighborhood;<0,4>
1;14;(9,9);;<0,8>
1;15;(6,7);outputNeighborhood;<0,9>
1;15;(6,7);;<0,18>
1;16;(3,7);outputNeighborhood;<0,9>
1;16;(3,7);;<0,18>
1;17;(2,7);outputNeighborhood;<0,9>
1;17;(2,7);;<0,18>
1;18;(1,7);outputNeighborhood;<0,9>
1;18;(1,7);;<0,18>
1;19;(0,7);outputNeighborhood;<0,6>
1;19;(0,7);;<0,12>
1;20;(9,6);outputNeighborhood;<0,6>
1;20;(9,6);;<0,12>
1;21;(6,6);outputNeighborhood;<0,9>
1;21;(6,6);;<0,18>
1;22;(5,6);outputNeighborhood;<0,9>
1;22;(5,6);;<0,18>
1;23;(2,6);outputNeighborhood;<0,9>
1;23;(2,6);;<0,18>
1;24;(7,7);outputNeighborhood;<0,9>
1;24;(7,7);;<0,18>
1;25;(0,6);outputNeighborhood;<0,6>
1;25;(0,6);;<0,12>
1;26;(4,6);outputNeighborhood;<0,9>
1;26;(4,6);;<0,18>
1;27;(2,2);outputNeighborhood;<0,41>
1;27;(2,2);;<0,82>
1;28;(3,9);outputNeighborhood;<0,6>
1;28;(3,9);;<0,12>
1;29;(5,2);outputNeighborhood;<0,9>
1;29;(5,2);;<0,18>
1;30;(2,9);outputNeighborhood;<0,6>
1;30;(2,9);;<0,12>
1;31;(9,5);outputNeighborhood;<0,6>
1;31;(9,5);;<0,12>
1;32;(9,1);outputNeighborhood;<0,6>
1;32;(9,1);;<0,12>
1;33;(7,1);outputNeighborhood;<0,9>
1;33;(7,1);;<0,18>
1;34;(6,1);outputNeighborhood;<0,9>
1;34;(6,1);;<0,18>
1;35;(8,5);outputNeighborhood;<0,9>
1;35;(8,5);;<0,18>
1;36;(8,0);outputNeighborhood;<0,6>
1;36;(8,0);;<0,12>
1;37;(7,0);outputNeighborhood;<0,6>
1;37;(7,0);;<0,12>
1;38;(5,7);outputNeighborhood;<0,9>
1;38;(5,7);;<0,18>
1;39;(0,1);outputNeighborhood;<0,14>
1;39;(0,1);;<0,28>
1;40;(1,4);outputNeighborhood;<0,17>
1;40;(1,4);;<0,34>
1;41;(9,8);outputNeighborhood;<0,6>
1;41;(9,8);;<0,12>
1;42;(6,0);outputNeighborhood;<0,6>
1;42;(6,0);;<0,12>
1;43;(5,9);outputNeighborhood;<0,6>
1;43;(5,9);;<0,12>
1;44;(7,3);outputNeighborhood;<0,9>
1;44;(7,3);;<0,18>
1;45;(1,1);outputNeighborhood;<1,9>
1;45;(1,1);;<1,18>
1;46;(7,5);outputNeighborhood;<0,9>
1;46;(7,5);;<0,18>
1;47;(8,9);outputNeighborhood;<0,6>
1;47;(8,9);;<0,12>
1;48;(2,1);outputNeighborhood;<1,15>
1;48;(2,1);;<1,30>
1;49;(2,8);outputNeighborhood;<0,9>
1;49;(2,8);;<0,18>
1;50;(3,3);outputNeighborhood;<1,9>
1;50;(3,3);;<1,18>
1;51;(3,0);outputNeighborhood;<0,14>
1;51;(3,0);;<0,28>
1;52;(1,3);outputNeighborhood;<1,9>
1;52;(1,3);;<1,18>
1;53;(9,3);outputNeighborhood;<0,6>
1;53;(9,3);;<0,12>
1;54;(1,5);outputNeighborhood;<0,9>
1;54;(1,5);;<0,18>
1;55;(6,5);outputNeighborhood;<0,9>
1;55;(6,5);;<0,18>
1;56;(0,9);outputNeighborhood;<0,4>
1;56;(0,9);;<0,8>
1;57;(8,3);outputNeighborhood;<0,9>
1;57;(8,3);;<0,18>
1;58;(4,2);outputNeighborhood;<0,21>
1;58;(4,2);;<0,42>
1;59;(0,3);outputNeighborhood;<0,14>
1;59;(0,3);;<0,28>
1;60;(3,8);outputNeighborhood;<0,9>
1;60;(3,8);;<0,18>
1;61;(2,3);outputNeighborhood;<1,15>
1;61;(2,3);;<1,30>
1;62;(3,1);outputNeighborhood;<1,9>
1;62;(3,1);;<1,18>
1;63;(2,4);outputNeighborhood;<0,21>
1;63;(2,4);;<0,42>
1;64;(5,0);outputNeighborhood;<0,6>
1;64;(5,0);;<0,12>
1;65;(4,0);outputNeighborhood;<0,10>
1;65;(4,0);;<0,20>
1;66;(1,2);outputNeighborhood;<1,15>
1;66;(1,2);;<1,30>
1;67;(0,0);outputNeighborhood;<0,8>
1;67;(0,0);;<0,16>
1;68;(6,2);outputNeighborhood;<0,9>
1;68;(6,2);;<0,18>
1;69;(3,2);outputNeighborhood;<1,15>
1;69;(3,2);;<1,30>
1;70;(3,5);outputNeighborhood;<0,9>
1;70;(3,5);;<0,18>
1;71;(3,6);outputNeighborhood;<0,9>
1;71;(3,6);;<0,18>
1;72;(2,0);outputNeighborhood;<0,18>
1;72;(2,0);;<0,36>
1;73;(7,2);outputNeighborhood;<0,9>
1;73;(7,2);;<0,18>
1;74;(8,6);outputNeighborhood;<0,9>
1;74;(8,6);;<0,18>
1;75;(8,2);outputNeighborhood;<0,9>
1;75;(8,2);;<0,18>
1;76;(0,2);outputNeighborhood;<0,18>
1;76;(0,2);;<0,36>
1;77;(4,1);outputNeighborhood;<0,17>
1;77;(4,1);;<0,34>
1;78;(9,2);outputNeighborhood;<0,6>
1;78;(9,2);;<0,12>
1;79;(5,3);outputNeighborhood;<0,9>
1;79;(5,3);;<0,18>
1;80;(6,3);outputNeighborhood;<0,9>
1;80;(6,3);;<0,18>
1;81;(4,3);outputNeighborhood;<0,17>
1;81;(4,3);;<0,34>
1;82;(0,4);outputNeighborhood;<0,10>
1;82;(0,4);;<0,20>
1;83;(4,7);outputNeighborhood;<0,9>
1;83;(4,7);;<0,18>
1;84;(0,5);outputNeighborhood;<0,6>
1;84;(0,5);;<0,12>
1;85;(3,4);outputNeighborhood;<0,17>
1;85;(3,4);;<0,34>
1;86;(4,4);outputNeighborhood;<0,13>
1;86;(4,4);;<0,26>
1;87;(4,5);outputNeighborhood;<0,9>
1;87;(4,5);;<0,18>
1;88;(7,4);outputNeighborhood;<0,9>
1;88;(7,4);;<0,18>
1;89;(5,4);outputNeighborhood;<0,9>
1;89;(5,4);;<0,18>
1;90;(1,6);outputNeighborhood;<0,9>
1;90;(1,6);;<0,18>
1;91;(9,0);outputNeighborhood;<0,4>
1;91;(9,0);;<0,8>
1;92;(8,4);outputNeighborhood;<0,9>
1;92;(8,4);;<0,18>
1;93;(6,4);outputNeighborhood;<0,9>
1;93;(6,4);;<0,18>
1;94;(7,6);outputNeighborhood;<0,9>
1;94;(7,6);;<0,18>
1;95;(1,0);outputNeighborhood;<0,14>
1;95;(1,0);;<0,28>
1;96;(9,4);outputNeighborhood;<0,6>
1;96;(9,4);;<0,12>
1;97;(8,1);outputNeighborhood;<0,9>
1;97;(8,1);;<0,18>
1;98;(5,1);outputNeighborhood;<0,9>
1;98;(5,1);;<0,18>
1;99;(2,5);outputNeighborhood;<0,9>
1;99;(2,5);;<0,18>
1;100;(5,5);outputNeighborhood;<0,9>
1;100;(5,5);;<0,18>
2;1;(7,9);outputNeighborhood;<0,12>
2;1;(7,9);;<0,18>
2;2;(6,9);outputNeighborhood;<0,12>
2;2;(6,9);;<0,18>
2;3;(4,9);outputNeighborhood;<0,12>
2;3;(4,9);;<0,18>
2;4;(1,9);outputNeighborhood;<0,12>
2;4;(1,9);;<0,18>
2;5;(8,8);outputNeighborhood;<0,18>
2;5;(8,8);;<0,27>
2;6;(7,8);outputNeighborhood;<0,18>
2;6;(7,8);;<0,27>
2;7;(6,8);outputNeighborhood;<0,18>
2;7;(6,8);;<0,27>
2;8;(5,8);outputNeighborhood;<0,18>
2;8;(5,8);;<0,27>
2;9;(4,8);outputNeighborhood;<0,18>
2;9;(4,8);;<0,27>
2;10;(1,8);outputNeighborhood;<0,18>
2;10;(1,8);;<0,27>
2;11;(0,8);outputNeighborhood;<0,12>
2;11;(0,8);;<0,18>
2;12;(9,7);outputNeighborhood;<0,12>
2;12;(9,7);;<0,18>
2;13;(8,7);outputNeighborhood;<0,18>
2;13;(8,7);;<0,27>
2;14;(9,9);outputNeighborhood;<0,8>
2;14;(9,9);;<0,12>
2;15;(6,7);outputNeighborhood;<0,18>
2;15;(6,7);;<0,27>
2;16;(3,7);outputNeighborhood;<0,18>
2;16;(3,7);;<0,27>
2;17;(2,7);outputNeighborhood;<0,18>
2;17;(2,7);;<0,27>
2;18;(1,7);outputNeighborhood;<0,18>
2;18;(1,7);;<0,27>
2;19;(0,7);outputNeighborhood;<0,12>
2;19;(0,7);;<0,18>
2;20;(9,6);outputNeighborhood;<0,12>
2;20;(9,6);;<0,18>
2;21;(6,6);outputNeighborhood;<0,18>
2;21;(6,6);;<0,27>
2;22;(5,6);outputNeighborhood;<0,18>
2;22;(5,6);;<0,27>
2;23;(2,6);outputNeighborhood;<0,18>
2;23;(2,6);;<0,27>
2;24;(7,7);outputNeighborhood;<0,18>
2;24;(7,7);;<0,27>
2;25;(0,6);outputNeighborhood;<0,12>
2;25;(0,6);;<0,18>
2;26;(4,6);outputNeighborhood;<0,18>
2;26;(4,6);;<0,27>
2;27;(2,2);outputNeighborhood;<0,82>
2;27;(2,2);;<0,123>
2;28;(3,9);outputNeighborhood;<0,12>
2;28;(3,9);;<0,18>
2;29;(5,2);outputNeighborhood;<0,18>
2;29;(5,2);;<0,27>
2;30;(2,9);outputNeighborhood;<0,12>
2;30;(2,9);;<0,18>
2;31;(9,5);outputNeighborhood;<0,12>
2;31;(9,5);;<0,18>
2;32;(9,1);outputNeighborhood;<0,12>
2;32;(9,1);;<0,18>
2;33;(7,1);outputNeighborhood;<0,18>
2;33;(7,1);;<0,27>
2;34;(6,1);outputNeighborhood;<0,18>
2;34;(6,1);;<0,27>
2;35;(8,5);outputNeighborhood;<0,18>
2;35;(8,5);;<0,27>
2;36;(8,0);outputNeighborhood;<0,12>
2;36;(8,0);;<0,18>
2;37;(7,0);outputNeighborhood;<0,12>
2;37;(7,0);;<0,18>
2;38;(5,7);outputNeighborhood;<0,18>
2;38;(5,7);;<0,27>
2;39;(0,1);outputNeighborhood;<0,28>
2;39;(0,1);;<0,42>
2;40;(1,4);outputNeighborhood;<0,34>
2;40;(1,4);;<0,51>
2;41;(9,8);outputNeighborhood;<0,12>
2;41;(9,8);;<0,18>
2;42;(6,0);outputNeighborhood;<0,12>
2;42;(6,0);;<0,18>
2;43;(5,9);outputNeighborhood;<0,12>
2;43;(5,9);;<0,18>
2;44;(7,3);outputNeighborhood;<0,18>
2;44;(7,3);;<0,27>
2;45;(1,1);outputNeighborhood;<1,18>
2;45;(1,1);;<1,27>
2;46;(7,5);outputNeighborhood;<0,18>
2;46;(7,5);;<0,27>
2;47;(8,9);outputNeighborhood;<0,12>
2;47;(8,9);;<0,18>
2;48;(2,1);outputNeighborhood;<1,30>
2;48;(2,1);;<1,45>
2;49;(2,8);outputNeighborhood;<0,18>
2;49;(2,8);;<0,27>
2;50;(3,3);outputNeighborhood;<1,18>
2;50;(3,3);;<1,27>
2;51;(3,0);outputNeighborhood;<0,28>
2;51;(3,0);;<0,42>
2;52;(1,3);outputNeighborhood;<1,18>
2;52;(1,3);;<1,27>
2;53;(9,3);outputNeighborhood;<0,12>
2;53;(9,3);;<0,18>
2;54;(1,5);outputNeighborhood;<0,18>
2;54;(1,5);;<0,27>
2;55;(6,5);outputNeighborhood;<0,18>
2;55;(6,5);;<0,27>
2;56;(0,9);outputNeighborhood;<0,8>
2;56;(0,9);;<0,12>
2;57;(8,3);outputNeighborhood;<0,18>
2;57;(8,3);;<0,27>
2;58;(4,2);outputNeighborhood;<0,42>
2;58;(4,2);;<0,63>
2;59;(0,3);outputNeighborhood;<0,28>
2;59;(0,3);;<0,42>
2;60;(3,8);outputNeighborhood;<0,18>
2;60;(3,8);;<0,27>
2;61;(2,3);outputNeighborhood;<1,30>
2;61;(2,3);;<1,45>
2;62;(3,1);outputNeighborhood;<1,18>
2;62;(3,1);;<1,27>
2;63;(2,4);outputNeighborhood;<0,42>
2;63;(2,4);;<0,63>
2;64;(5,0);outputNeighborhood;<0,12>
2;64;(5,0);;<0,18>
2;65;(4,0);outputNeighborhood;<0,20>
2;65;(4,0);;<0,30>
2;66;(1,2);outputNeighborhood;<1,30>
2;66;(1,2);;<1,45>
2;67;(0,0);outputNeighborhood;<0,16>
2;67;(0,0);;<0,24>
2;68;(6,2);outputNeighborhood;<0,18>
2;68;(6,2);;<0,27>
2;69;(3,2);outputNeighborhood;<1,30>
2;69;(3,2);;<1,45>
2;70;(3,5);outputNeighborhood;<0,18>
2;70;(3,5);;<0,27>
2;71;(3,6);outputNeighborhood;<0,18>
2;71;(3,6);;<0,27>
2;72;(2,0);outputNeighborhood;<0,36>
2;72;(2,0);;<0,54>
2;73;(7,2);outputNeighborhood;<0,18>
2;73;(7,2);;<0,27>
2;74;(8,6);outputNeighborhood;<0,18>
2;74;(8,6);;<0,27>
2;75;(8,2);outputNeighborhood;<0,18>
2;75;(8,2);;<0,27>
2;76;(0,2);outputNeighborhood;<0,36>
2;76;(0,2);;<0,54>
2;77;(4,1);outputNeighborhood;<0,34>
2;77;(4,1);;<0,51>
2;78;(9,2);outputNeighborhood;<0,12>
2;78;(9,2);;<0,18>
2;79;(5,3);outputNeighborhood;<0,18>
2;79;(5,3);;<0,27>
2;80;(6,3);outputNeighborhood;<0,18>
2;80;(6,3);;<0,27>
2;81;(4,3);outputNeighborhood;<0,34>
2;81;(4,3);;<0,51>
2;82;(0,4);outputNeighborhood;<0,20>
2;82;(0,4);;<0,30>
2;83;(4,7);outputNeighborhood;<0,18>
2;83;(4,7);;<0,27>
2;84;(0,5);outputNeighborhood;<0,12>
2;84;(0,5);;<0,18>
2;85;(3,4);outputNeighborhood;<0,34>
2;85;(3,4);;<0,51>
2;86;(4,4);outputNeighborhood;<0,26>
2;86;(4,4);;<0,39>
2;87;(4,5);outputNeighborhood;<0,18>
2;87;(4,5);;<0,27>
2;88;(7,4);outputNeighborhood;<0,18>
2;88;(7,4);;<0,27>
2;89;(5,4);outputNeighborhood;<0,18>
2;89;(5,4);;<0,27>
2;90;(1,6);outputNeighborhood;<0,18>
2;90;(1,6);;<0,27>
2;91;(9,0);outputNeighborhood;<0,8>
2;91;(9,0);;<0,12>
2;92;(8,4);outputNeighborhood;<0,18>
2;92;(8,4);;<0,27>
2;93;(6,4);outputNeighborhood;<0,18>
2;93;(6,4);;<0,27>
2;94;(7,6);outputNeighborhood;<0,18>
2;94;(7,6);;<0,27>
2;95;(1,0);outputNeighborhood;<0,28>
2;95;(1,0);;<0,42>
2;96;(9,4);outputNeighborhood;<0,12>
2;96;(9,4);;<0,18>
2;97;(8,1);outputNeighborhood;<0,18>
2;97;(8,1);;<0,27>
2;98;(5,1);outputNeighborhood;<0,18>
2;98;(5,1);;<0,27>
2;99;(2,5);outputNeighborhood;<0,18>
2;99;(2,5);;<0,27>
2;100;(5,5);outputNeighborhood;<0,18>
2;100;(5,5);;<0,27>
3;1;(7,9);outputNeighborhood;<0,18>
3;1;(7,9);;<0,24>
3;2;(6,9);outputNeighborhood;<0,18>
3;2;(6,9);;<0,24>
3;3;(4,9);outputNeighborhood;<0,18>
3;3;(4,9);;<0,24>
3;4;(1,9);outputNeighborhood;<0,18>
3;4;(1,9);;<0,24>
3;5;(8,8);outputNeighborhood;<0,27>
3;5;(8,8);;<0,36>
3;6;(7,8);outputNeighborhood;<0,27>
3;6;(7,8);;<0,36>
3;7;(6,8);outputNeighborhood;<0,27>
3;7;(6,8);;<0,36>
3;8;(5,8);outputNeighborhood;<0,27>
3;8;(5,8);;<0,36>
3;9;(4,8);outputNeighborhood;<0,27>
3;9;(4,8);;<0,36>
3;10;(1,8);outputNeighborhood;<0,27>
3;10;(1,8);;<0,36>
3;11;(0,8);outputNeighborhood;<0,18>
3;11;(0,8);;<0,24>
3;12;(9,7);outputNeighborhood;<0,18>
3;12;(9,7);;<0,24>
3;13;(8,7);outputNeighborhood;<0,27>
3;13;(8,7);;<0,36>
3;14;(9,9);outputNeighborhood;<0,12>
3;14;(9,9);;<0,16>
3;15;(6,7);outputNeighborhood;<0,27>
3;15;(6,7);;<0,36>
3;16;(3,7);outputNeighborhood;<0,27>
3;16;(3,7);;<0,36>
3;17;(2,7);outputNeighborhood;<0,27>
3;17;(2,7);;<0,36>
3;18;(1,7);outputNeighborhood;<0,27>
3;18;(1,7);;<0,36>
3;19;(0,7);outputNeighborhood;<0,18>
3;19;(0,7);;<0,24>
3;20;(9,6);outputNeighborhood;<0,18>
3;20;(9,6);;<0,24>
3;21;(6,6);outputNeighborhood;<0,27>
3;21;(6,6);;<0,36>
3;22;(5,6);outputNeighborhood;<0,27>
3;22;(5,6);;<0,36>
3;23;(2,6);outputNeighborhood;<0,27>
3;23;(2,6);;<0,36>
3;24;(7,7);outputNeighborhood;<0,27>
3;24;(7,7);;<0,36>
3;25;(0,6);outputNeighborhood;<0,18>
3;25;(0,6);;<0,24>
3;26;(4,6);outputNeighborhood;<0,27>
3;26;(4,6);;<0,36>
3;27;(2,2);outputNeighborhood;<0,123>
3;27;(2,2);;<0,164>
3;28;(3,9);outputNeighborhood;<0,18>
3;28;(3,9);;<0,24>
3;29;(5,2);outputNeighborhood;<0,27>
3;29;(5,2);;<0,36>
3;30;(2,9);outputNeighborhood;<0,18>
3;30;(2,9);;<0,24>
3;31;(9,5);outputNeighborhood;<0,18>
3;31;(9,5);;<0,24>
3;32;(9,1);outputNeighborhood;<0,18>
3;32;(9,1);;<0,24>
3;33;(7,1);outputNeighborhood;<0,27>
3;33;(7,1);;<0,36>
3;34;(6,1);outputNeighborhood;<0,27>
3;34;(6,1);;<0,36>
3;35;(8,5);outputNeighborhood;<0,27>
3;35;(8,5);;<0,36>
3;36;(8,0);outputNeighborhood;<0,18>
3;36;(8,0);;<0,24>
3;37;(7,0);outputNeighborhood;<0,18>
3;37;(7,0);;<0,24>
3;38;(5,7);outputNeighborhood;<0,27>
3;38;(5,7);;<0,36>
3;39;(0,1);outputNeighborhood;<0,42>
3;39;(0,1);;<0,56>
3;40;(1,4);outputNeighborhood;<0,51>
3;40;(1,4);;<0,68>
3;41;(9,8);outputNeighborhood;<0,18>
3;41;(9,8);;<0,24>
3;42;(6,0);outputNeighborhood;<0,18>
3;42;(6,0);;<0,24>
3;43;(5,9);outputNeighborhood;<0,18>
3;43;(5,9);;<0,24>
3;44;(7,3);outputNeighborhood;<0,27>
3;44;(7,3);;<0,36>
3;45;(1,1);outputNeighborhood;<1,27>
3;45;(1,1);;<1,36>
3;46;(7,5);outputNeighborhood;<0,27>
3;46;(7,5);;<0,36>
3;47;(8,9);outputNeighborhood;<0,18>
3;47;(8,9);;<0,24>
3;48;(2,1);outputNeighborhood;<1,45>
3;48;(2,1);;<1,60>
3;49;(2,8);outputNeighborhood;<0,27>
3;49;(2,8);;<0,36>
3;50;(3,3);outputNeighborhood;<1,27>
3;50;(3,3);;<1,36>
3;51;(3,0);outputNeighborhood;<0,42>
3;51;(3,0);;<0,56>
3;52;(1,3);outputNeighborhood;<1,27>
3;52;(1,3);;<1,36>
3;53;(9,3);outputNeighborhood;<0,18>
3;53;(9,3);;<0,24>
3;54;(1,5);outputNeighborhood;<0,27>
3;54;(1,5);;<0,36>
3;55;(6,5);outputNeighborhood;<0,27>
3;55;(6,5);;<0,36>
3;56;(0,9);outputNeighborhood;<0,12>
3;56;(0,9);;<0,16>
3;57;(8,3);outputNeighborhood;<0,27>
3;57;(8,3);;<0,36>
3;58;(4,2);outputNeighborhood;<0,63>
3;58;(4,2);;<0,84>
3;59;(0,3);outputNeighborhood;<0,42>
3;59;(0,3);;<0,56>
3;60;(3,8);outputNeighborhood;<0,27>
3;60;(3,8);;<0,36>
3;61;(2,3);outputNeighborhood;<1,45>
3;61;(2,3);;<1,60>
3;62;(3,1);outputNeighborhood;<1,27>
3;62;(3,1);;<1,36>
3;63;(2,4);outputNeighborhood;<0,63>
3;63;(2,4);;<0,84>
3;64;(5,0);outputNeighborhood;<0,18>
3;64;(5,0);;<0,24>
3;65;(4,0);outputNeighborhood;<0,30>
3;65;(4,0);;<0,40>
3;66;(1,2);outputNeighborhood;<1,45>
3;66;(1,2);;<1,60>
3;67;(0,0);outputNeighborhood;<0,24>
3;67;(0,0);;<0,32>
3;68;(6,2);outputNeighborhood;<0,27>
3;68;(6,2);;<0,36>
3;69;(3,2);outputNeighborhood;<1,45>
3;69;(3,2);;<1,60>
3;70;(3,5);outputNeighborhood;<0,27>
3;70;(3,5);;<0,36>
3;71;(3,6);outputNeighborhood;<0,27>
3;71;(3,6);;<0,36>
3;72;(2,0);outputNeighborhood;<0,54>
3;72;(2,0);;<0,72>
3;73;(7,2);outputNeighborhood;<0,27>
3;73;(7,2);;<0,36>
3;74;(8,6);outputNeighborhood;<0,27>
3;74;(8,6);;<0,36>
3;75;(8,2);outputNeighborhood;<0,27>
3;75;(8,2);;<0,36>
3;76;(0,2);outputNeighborhood;<0,54>
3;76;(0,2);;<0,72>
3;77;(4,1);outputNeighborhood;<0,51>
3;77;(4,1);;<0,68>
3;78;(9,2);outputNeighborhood;<0,18>
3;78;(9,2);;<0,24>
3;79;(5,3);outputNeighborhood;<0,27>
3;79;(5,3);;<0,36>
3;80;(6,3);outputNeighborhood;<0,27>
3;80;(6,3);;<0,36>
3;81;(4,3);outputNeighborhood;<0,51>
3;81;(4,3);;<0,68>
3;82;(0,4);outputNeighborhood;<0,30>
3;82;(0,4);;<0,40>
3;83;(4,7);outputNeighborhood;<0,27>
3;83;(4,7);;<0,36>
3;84;(0,5);outputNeighborhood;<0,18>
3;84;(0,5);;<0,24>
3;85;(3,4);outputNeighborhood;<0,51>
3;85;(3,4);;<0,68>
3;86;(4,4);outputNeighborhood;<0,39>
3;86;(4,4);;<0,52>
3;87;(4,5);outputNeighborhood;<0,27>
3;87;(4,5);;<0,36>
3;88;(7,4);outputNeighborhood;<0,27>
3;88;(7,4);;<0,36>
3;89;(5,4);outputNeighborhood;<0,27>
3;89;(5,4);;<0,36>
3;90;(1,6);outputNeighborhood;<0,27>
3;90;(1,6);;<0,36>
3;91;(9,0);outputNeighborhood;<0,12>
3;91;(9,0);;<0,16>
3;92;(8,4);outputNeighborhood;<0,27>
3;92;(8,4);;<0,36>
3;93;(6,4);outputNeighborhood;<0,27>
3;93;(6,4);;<0,36>
3;94;(7,6);outputNeighborhood;<0,27>
3;94;(7,6);;<0,36>
3;95;(1,0);outputNeighborhood;<0,42>
3;95;(1,0);;<0,56>
3;96;(9,4);outputNeighborhood;<0,18>
3;96;(9,4);;<0,24>
3;97;(8,1);outputNeighborhood;<0,27>
3;97;(8,1);;<0,36>
3;98;(5,1);outputNeighborhood;<0,27>
3;98;(5,1);;<0,36>
3;99;(2,5);outputNeighborhood;<0,27>
3;99;(2,5);;<0,36>
3;100;(5,5);outputNeighborhood;<0,27>
3;100;(5,5);;<0,36>
4;1;(7,9);outputNeighborhood;<0,24>
4;1;(7,9);;<0,30>
4;2;(6,9);outputNeighborhood;<0,24>
4;2;(6,9);;<0,30>
4;3;(4,9);outputNeighborhood;<0,24>
4;3;(4,9);;<0,30>
4;4;(1,9);outputNeighborhood;<0,24>
4;4;(1,9);;<0,30>
4;5;(8,8);outputNeighborhood;<0,36>
4;5;(8,8);;<0,45>
4;6;(7,8);outputNeighborhood;<0,36>
4;6;(7,8);;<0,45>
4;7;(6,8);outputNeighborhood;<0,36>
4;7;(6,8);;<0,45>
4;8;(5,8);outputNeighborhood;<0,36>
4;8;(5,8);;<0,45>
4;9;(4,8);outputNeighborhood;<0,36>
4;9;(4,8);;<0,45>
4;10;(1,8);outputNeighborhood;<0,36>
4;10;(1,8);;<0,45>
4;11;(0,8);outputNeighborhood;<0,24>
4;11;(0,8);;<0,30>
4;12;(9,7);outputNeighborhood;<0,24>
4;12;(9,7);;<0,30>
4;13;(8,7);outputNeighborhood;<0,36>
4;13;(8,7);;<0,45>
4;14;(9,9);outputNeighborhood;<0,16>
4;14;(9,9);;<0,20>
4;15;(6,7);outputNeighborhood;<0,36>
4;15;(6,7);;<0,45>
4;16;(3,7);outputNeighborhood;<0,36>
4;16;(3,7);;<0,45>
4;17;(2,7);outputNeighborhood;<0,36>
4;17;(2,7);;<0,45>
4;18;(1,7);outputNeighborhood;<0,36>
4;18;(1,7);;<0,45>
4;19;(0,7);outputNeighborhood;<0,24>
4;19;(0,7);;<0,30>
4;20;(9,6);outputNeighborhood;<0,24>
4;20;(9,6);;<0,30>
4;21;(6,6);outputNeighborhood;<0,36>
4;21;(6,6);;<0,45>
4;22;(5,6);outputNeighborhood;<0,36>
4;22;(5,6);;<0,45>
4;23;(2,6);outputNeighborhood;<0,36>
4;23;(2,6);;<0,45>
4;24;(7,7);outputNeighborhood;<0,36>
4;24;(7,7);;<0,45>
4;25;(0,6);outputNeighborhood;<0,24>
4;25;(0,6);;<0,30>
4;26;(4,6);outputNeighborhood;<0,36>
4;26;(4,6);;<0,45>
4;27;(2,2);outputNeighborhood;<0,164>
4;27;(2,2);;<0,205>
4;28;(3,9);outputNeighborhood;<0,24>
4;28;(3,9);;<0,30>
4;29;(5,2);outputNeighborhood;<0,36>
4;29;(5,2);;<0,45>
4;30;(2,9);outputNeighborhood;<0,24>
4;30;(2,9);;<0,30>
4;31;(9,5);outputNeighborhood;<0,24>
4;31;(9,5);;<0,30>
4;32;(9,1);outputNeighborhood;<0,24>
4;32;(9,1);;<0,30>
4;33;(7,1);outputNeighborhood;<0,36>
4;33;(7,1);;<0,45>
4;34;(6,1);outputNeighborhood;<0,36>
4;34;(6,1);;<0,45>
4;35;(8,5);outputNeighborhood;<0,36>
4;35;(8,5);;<0,45>
4;36;(8,0);outputNeighborhood;<0,24>
4;36;(8,0);;<0,30>
4;37;(7,0);outputNeighborhood;<0,24>
4;37;(7,0);;<0,30>
4;38;(5,7);outputNeighborhood;<0,36>
4;38;(5,7);;<0,45>
4;39;(0,1);outputNeighborhood;<0,56>
4;39;(0,1);;<0,70>
4;40;(1,4);outputNeighborhood;<0,68>
4;40;(1,4);;<0,85>
4;41;(9,8);outputNeighborhood;<0,24>
4;41;(9,8);;<0,30>
4;42;(6,0);outputNeighborhood;<0,24>
4;42;(6,0);;<0,30>
4;43;(5,9);outputNeighborhood;<0,24>
4;43;(5,9);;<0,30>
4;44;(7,3);outputNeighborhood;<0,36>
4;44;(7,3);;<0,45>
4;45;(1,1);outputNeighborhood;<1,36>
4;45;(1,1);;<1,45>
4;46;(7,5);outputNeighborhood;<0,36>
4;46;(7,5);;<0,45>
4;47;(8,9);outputNeighborhood;<0,24>
4;47;(8,9);;<0,30>
4;48;(2,1);outputNeighborhood;<1,60>
4;48;(2,1);;<1,75>
4;49;(2,8);outputNeighborhood;<0,36>
4;49;(2,8);;<0,45>
4;50;(3,3);outputNeighborhood;<1,36>
4;50;(3,3);;<1,45>
4;51;(3,0);outputNeighborhood;<0,56>
4;51;(3,0);;<0,70>
4;52;(1,3);outputNeighborhood;<1,36>
4;52;(1,3);;<1,45>
4;53;(9,3);outputNeighborhood;<0,24>
4;53;(9,3);;<0,30>
4;54;(1,5);outputNeighborhood;<0,36>
4;54;(1,5);;<0,45>
4;55;(6,5);outputNeighborhood;<0,36>
4;55;(6,5);;<0,45>
4;56;(0,9);outputNeighborhood;<0,16>
4;56;(0,9);;<0,20>
4;57;(8,3);outputNeighborhood;<0,36>
4;57;(8,3);;<0,45>
4;58;(4,2);outputNeighborhood;<0,84>
4;58;(4,2);;<0,105>
4;59;(0,3);outputNeighborhood;<0,56>
4;59;(0,3);;<0,70>
4;60;(3,8);outputNeighborhood;<0,36>
4;60;(3,8);;<0,45>
4;61;(2,3);outputNeighborhood;<1,60>
4;61;(2,3);;<1,75>
4;62;(3,1);outputNeighborhood;<1,36>
4;62;(3,1);;<1,45>
4;63;(2,4);outputNeighborhood;<0,84>
4;63;(2,4);;<0,105>
4;64;(5,0);outputNeighborhood;<0,24>
4;64;(5,0);;<0,30>
4;65;(4,0);outputNeighborhood;<0,40>
4;65;(4,0);;<0,50>
4;66;(1,2);outputNeighborhood;<1,60>
4;66;(1,2);;<1,75>
4;67;(0,0);outputNeighborhood;<0,32>
4;67;(0,0);;<0,40>
4;68;(6,2);outputNeighborhood;<0,36>
4;68;(6,2);;<0,45>
4;69;(3,2);outputNeighborhood;<1,60>
4;69;(3,2);;<1,75>
4;70;(3,5);outputNeighborhood;<0,36>
4;70;(3,5);;<0,45>
4;71;(3,6);outputNeighborhood;<0,36>
4;71;(3,6);;<0,45>
4;72;(2,0);outputNeighborhood;<0,72>
4;72;(2,0);;<0,90>
4;73;(7,2);outputNeighborhood;<0,36>
4;73;(7,2);;<0,45>
4;74;(8,6);outputNeighborhood;<0,36>
4;74;(8,6);;<0,45>
4;75;(8,2);outputNeighborhood;<0,36>
4;75;(8,2);;<0,45>
4;76;(0,2);outputNeighborhood;<0,72>
4;76;(0,2);;<0,90>
4;77;(4,1);outputNeighborhood;<0,68>
4;77;(4,1);;<0,85>
4;78;(9,2);outputNeighborhood;<0,24>
4;78;(9,2);;<0,30>
4;79;(5,3);outputNeighborhood;<0,36>
4;79;(5,3);;<0,45>
4;80;(6,3);outputNeighborhood;<0,36>
4;80;(6,3);;<0,45>
4;81;(4,3);outputNeighborhood;<0,68>
4;81;(4,3);;<0,85>
4;82;(0,4);outputNeighborhood;<0,40>
4;82;(0,4);;<0,50>
4;83;(4,7);outputNeighborhood;<0,36>
4;83;(4,7);;<0,45>
4;84;(0,5);outputNeighborhood;<0,24>
4;84;(0,5);;<0,30>
4;85;(3,4);outputNeighborhood;<0,68>
4;85;(3,4);;<0,85>
4;86;(4,4);outputNeighborhood;<0,52>
4;86;(4,4);;<0,65>
4;87;(4,5);outputNeighborhood;<0,36>
4;87;(4,5);;<0,45>
4;88;(7,4);outputNeighborhood;<0,36>
4;88;(7,4);;<0,45>
4;89;(5,4);outputNeighborhood;<0,36>
4;89;(5,4);;<0,45>
4;90;(1,6);outputNeighborhood;<0,36>
4;90;(1,6);;<0,45>
4;91;(9,0);outputNeighborhood;<0,16>
4;91;(9,0);;<0,20>
4;92;(8,4);outputNeighborhood;<0,36>
4;92;(8,4);;<0,45>
4;93;(6,4);outputNeighborhood;<0,36>
4;93;(6,4);;<0,45>
4;94;(7,6);outputNeighborhood;<0,36>
4;94;(7,6);;<0,45>
4;95;(1,0);outputNeighborhood;<0,56>
4;95;(1,0);;<0,70>
4;96;(9,4);outputNeighborhood;<0,24>
4;96;(9,4);;<0,30>
4;97;(8,1);outputNeighborhood;<0,36>
4;97;(8,1);;<0,45>
4;98;(5,1);outputNeighborhood;<0,36>
4;98;(5,1);;<0,45>
4;99;(2,5);outputNeighborhood;<0,36>
4;99;(2,5);;<0,45>
4;100;(5,5);outputNeighborhood;<0,36>
4;100;(5,5);;<0,45>
5;1;(7,9);outputNeighborhood;<0,30>
5;1;(7,9);;<0,36>
5;2;(6,9);outputNeighborhood;<0,30>
5;2;(6,9);;<0,36>
5;3;(4,9);outputNeighborhood;<0,30>
5;3;(4,9);;<0,36>
5;4;(1,9);outputNeighborhood;<0,30>
5;4;(1,9);;<0,36>
5;5;(8,8);outputNeighborhood;<0,45>
5;5;(8,8);;<0,54>
5;6;(7,8);outputNeighborhood;<0,45>
5;6;(7,8);;<0,54>
5;7;(6,8);outputNeighborhood;<0,45>
5;7;(6,8);;<0,54>
5;8;(5,8);outputNeighborhood;<0,45>
5;8;(5,8);;<0,54>
5;9;(4,8);outputNeighborhood;<0,45>
5;9;(4,8);;<0,54>
5;10;(1,8);outputNeighborhood;<0,45>
5;10;(1,8);;<0,54>
5;11;(0,8);outputNeighborhood;<0,30>
5;11;(0,8);;<0,36>
5;12;(9,7);outputNeighborhood;<0,30>
5;12;(9,7);;<0,36>
5;13;(8,7);outputNeighborhood;<0,45>
5;13;(8,7);;<0,54>
5;14;(9,9);outputNeighborhood;<0,20>
5;14;(9,9);;<0,24>
5;15;(6,7);outputNeighborhood;<0,45>
5;15;(6,7);;<0,54>
5;16;(3,7);outputNeighborhood;<0,45>
5;16;(3,7);;<0,54>
5;17;(2,7);outputNeighborhood;<0,45>
5;17;(2,7);;<0,54>
5;18;(1,7);outputNeighborhood;<0,45>
5;18;(1,7);;<0,54>
5;19;(0,7);outputNeighborhood;<0,30>
5;19;(0,7);;<0,36>
5;20;(9,6);outputNeighborhood;<0,30>
5;20;(9,6);;<0,36>
5;21;(6,6);outputNeighborhood;<0,45>
5;21;(6,6);;<0,54>
5;22;(5,6);outputNeighborhood;<0,45>
5;22;(5,6);;<0,54>
5;23;(2,6);outputNeighborhood;<0,45>
5;23;(2,6);;<0,54>
5;24;(7,7);outputNeighborhood;<0,45>
5;24;(7,7);;<0,54>
5;25;(0,6);outputNeighborhood;<0,30>
5;25;(0,6);;<0,36>
5;26;(4,6);outputNeighborhood;<0,45>
5;26;(4,6);;<0,54>
5;27;(2,2);outputNeighborhood;<0,205>
5;27;(2,2);;<0,246>
5;28;(3,9);outputNeighborhood;<0,30>
5;28;(3,9);;<0,36>
5;29;(5,2);outputNeighborhood;<0,45>
5;29;(5,2);;<0,54>
5;30;(2,9);outputNeighborhood;<0,30>
5;30;(2,9);;<0,36>
5;31;(9,5);outputNeighborhood;<0,30>
5;31;(9,5);;<0,36>
5;32;(9,1);outputNeighborhood;<0,30>
5;32;(9,1);;<0,36>
5;33;(7,1);outputNeighborhood;<0,45>
5;33;(7,1);;<0,54>
5;34;(6,1);outputNeighborhood;<0,45>
5;34;(6,1);;<0,54>
5;35;(8,5);outputNeighborhood;<0,45>
5;35;(8,5);;<0,54>
5;36;(8,0);outputNeighborhood;<0,30>
5;36;(8,0);;<0,36>
5;37;(7,0);outputNeighborhood;<0,30>
5;37;(7,0);;<0,36>
5;38;(5,7);outputNeighborhood;<0,45>
5;38;(5,7);;<0,54>
5;39;(0,1);outputNeighborhood;<0,70>
5;39;(0,1);;<0,84>
5;40;(1,4);outputNeighborhood;<0,85>
5;40;(1,4);;<0,102>
5;41;(9,8);outputNeighborhood;<0,30>
5;41;(9,8);;<0,36>
5;42;(6,0);outputNeighborhood;<0,30>
5;42;(6,0);;<0,36>
5;43;(5,9);outputNeighborhood;<0,30>
5;43;(5,9);;<0,36>
5;44;(7,3);outputNeighborhood;<0,45>
5;44;(7,3);;<0,54>
5;45;(1,1);outputNeighborhood;<1,45>
5;45;(1,1);;<1,54>
5;46;(7,5);outputNeighborhood;<0,45>
5;46;(7,5);;<0,54>
5;47;(8,9);outputNeighborhood;<0,30>
5;47;(8,9);;<0,36>
5;48;(2,1);outputNeighborhood;<1,75>
5;48;(2,1);;<1,90>
5;49;(2,8);outputNeighborhood;<0,45>
5;49;(2,8);;<0,54>
5;50;(3,3);outputNeighborhood;<1,45>
5;50;(3,3);;<1,54>
5;51;(3,0);outputNeighborhood;<0,70>
5;51;(3,0);;<0,84>
5;52;(1,3);outputNeighborhood;<1,45>
5;52;(1,3);;<1,54>
5;53;(9,3);outputNeighborhood;<0,30>
5;53;(9,3);;<0,36>
5;54;(1,5);outputNeighborhood;<0,45>
5;54;(1,5);;<0,54>
5;55;(6,5);outputNeighborhood;<0,45>
5;55;(6,5);;<0,54>
5;56;(0,9);outputNeighborhood;<0,20>
5;56;(0,9);;<0,24>
5;57;(8,3);outputNeighborhood;<0,45>
5;57;(8,3);;<0,54>
5;58;(4,2);outputNeighborhood;<0,105>
5;58;(4,2);;<0,126>
5;59;(0,3);outputNeighborhood;<0,70>
5;59;(0,3);;<0,84>
5;60;(3,8);outputNeighborhood;<0,45>
5;60;(3,8);;<0,54>
5;61;(2,3);outputNeighborhood;<1,75>
5;61;(2,3);;<1,90>
5;62;(3,1);outputNeighborhood;<1,45>
5;62;(3,1);;<1,54>
5;63;(2,4);outputNeighborhood;<0,105>
5;63;(2,4);;<0,126>
5;64;(5,0);outputNeighborhood;<0,30>
5;64;(5,0);;<0,36>
5;65;(4,0);outputNeighborhood;<0,50>
5;65;(4,0);;<0,60>
5;66;(1,2);outputNeighborhood;<1,75>
5;66;(1,2);;<1,90>
5;67;(0,0);outputNeighborhood;<0,40>
5;67;(0,0);;<0,48>
5;68;(6,2);outputNeighborhood;<0,45>
5;68;(6,2);;<0,54>
5;69;(3,2);outputNeighborhood;<1,75>
5;69;(3,2);;<1,90>
5;70;(3,5);outputNeighborhood;<0,45>
5;70;(3,5);;<0,54>
5;71;(3,6);outputNeighborhood;<0,45>
5;71;(3,6);;<0,54>
5;72;(2,0);outputNeighborhood;<0,90>
5;72;(2,0);;<0,108>
5;73;(7,2);outputNeighborhood;<0,45>
5;73;(7,2);;<0,54>
5;74;(8,6);outputNeighborhood;<0,45>
5;74;(8,6);;<0,54>
5;75;(8,2);outputNeighborhood;<0,45>
5;75;(8,2);;<0,54>
5;76;(0,2);outputNeighborhood;<0,90>
5;76;(0,2);;<0,108>
5;77;(4,1);outputNeighborhood;<0,85>
5;77;(4,1);;<0,102>
5;78;(9,2);outputNeighborhood;<0,30>
5;78;(9,2);;<0,36>
5;79;(5,3);outputNeighborhood;<0,45>
5;79;(5,3);;<0,54>
5;80;(6,3);outputNeighborhood;<0,45>
5;80;(6,3);;<0,54>
5;81;(4,3);outputNeighborhood;<0,85>
5;81;(4,3);;<0,102>
5;82;(0,4);outputNeighborhood;<0,50>
5;82;(0,4);;<0,60>
5;83;(4,7);outputNeighborhood;<0,45>
5;83;(4,7);;<0,54>
5;84;(0,5);outputNeighborhood;<0,30>
5;84;(0,5);;<0,36>
5;85;(3,4);outputNeighborhood;<0,85>
5;85;(3,4);;<0,102>
5;86;(4,4);outputNeighborhood;<0,65>
5;86;(4,4);;<0,78>
5;87;(4,5);outputNeighborhood;<0,45>
5;87;(4,5);;<0,54>
5;88;(7,4);outputNeighborhood;<0,45>
5;88;(7,4);;<0,54>
5;89;(5,4);outputNeighborhood;<0,45>
5;89;(5,4);;<0,54>
5;90;(1,6);outputNeighborhood;<0,45>
5;90;(1,6);;<0,54>
5;91;(9,0);outputNeighborhood;<0,20>
5;91;(9,0);;<0,24>
5;92;(8,4);outputNeighborhood;<0,45>
5;92;(8,4);;<0,54>
5;93;(6,4);outputNeighborhood;<0,45>
5;93;(6,4);;<0,54>
5;94;(7,6);outputNeighborhood;<0,45>
5;94;(7,6);;<0,54>
5;95;(1,0);outputNeighborhood;<0,70>
5;95;(1,0);;<0,84>
5;96;(9,4);outputNeighborhood;<0,30>
5;96;(9,4);;<0,36>
5;97;(8,1);outputNeighborhood;<0,45>
5;97;(8,1);;<0,54>
5;98;(5,1);outputNeighborhood;<0,45>
5;98;(5,1);;<0,54>
5;99;(2,5);outputNeighborhood;<0,45>
5;99;(2,5);;<0,54>
5;100;(5,5);outputNeighborhood;<0,45>
5;100;(5,5);;<0,54>
6;1;(7,9);outputNeighborhood;<0,36>
6;1;(7,9);;<0,42>
6;2;(6,9);outputNeighborhood;<0,36>
6;2;(6,9);;<0,42>
6;3;(4,9);outputNeighborhood;<0,36>
6;3;(4,9);;<0,42>
6;4;(1,9);outputNeighborhood;<0,36>
6;4;(1,9);;<0,42>
6;5;(8,8);outputNeighborhood;<0,54>
6;5;(8,8);;<0,63>
6;6;(7,8);outputNeighborhood;<0,54>
6;6;(7,8);;<0,63>
6;7;(6,8);outputNeighborhood;<0,54>
6;7;(6,8);;<0,63>
6;8;(5,8);outputNeighborhood;<0,54>
6;8;(5,8);;<0,63>
6;9;(4,8);outputNeighborhood;<0,54>
6;9;(4,8);;<0,63>
6;10;(1,8);outputNeighborhood;<0,54>
6;10;(1,8);;<0,63>
6;11;(0,8);outputNeighborhood;<0,36>
6;11;(0,8);;<0,42>
6;12;(9,7);outputNeighborhood;<0,36>
6;12;(9,7);;<0,42>
6;13;(8,7);outputNeighborhood;<0,54>
6;13;(8,7);;<0,63>
6;14;(9,9);outputNeighborhood;<0,24>
6;14;(9,9);;<0,28>
6;15;(6,7);outputNeighborhood;<0,54>
6;15;(6,7);;<0,63>
6;16;(3,7);outputNeighborhood;<0,54>
6;16;(3,7);;<0,63>
6;17;(2,7);outputNeighborhood;<0,54>
6;17;(2,7);;<0,63>
6;18;(1,7);outputNeighborhood;<0,54>
6;18;(1,7);;<0,63>
6;19;(0,7);outputNeighborhood;<0,36>
6;19;(0,7);;<0,42>
6;20;(9,6);outputNeighborhood;<0,36>
6;20;(9,6);;<0,42>
6;21;(6,6);outputNeighborhood;<0,54>
6;21;(6,6);;<0,63>
6;22;(5,6);outputNeighborhood;<0,54>
6;22;(5,6);;<0,63>
6;23;(2,6);outputNeighborhood;<0,54>
6;23;(2,6);;<0,63>
6;24;(7,7);outputNeighborhood;<0,54>
6;24;(7,7);;<0,63>
6;25;(0,6);outputNeighborhood;<0,36>
6;25;(0,6);;<0,42>
6;26;(4,6);outputNeighborhood;<0,54>
6;26;(4,6);;<0,63>
6;27;(2,2);outputNeighborhood;<0,246>
6;27;(2,2);;<0,287>
6;28;(3,9);outputNeighborhood;<0,36>
6;28;(3,9);;<0,42>
6;29;(5,2);outputNeighborhood;<0,54>
6;29;(5,2);;<0,63>
6;30;(2,9);outputNeighborhood;<0,36>
6;30;(2,9);;<0,42>
6;31;(9,5);outputNeighborhood;<0,36>
6;31;(9,5);;<0,42>
6;32;(9,1);outputNeighborhood;<0,36>
6;32;(9,1);;<0,42>
6;33;(7,1);outputNeighborhood;<0,54>
6;33;(7,1);;<0,63>
6;34;(6,1);outputNeighborhood;<0,54>
6;34;(6,1);;<0,63>
6;35;(8,5);outputNeighborhood;<0,54>
6;35;(8,5);;<0,63>
6;36;(8,0);outputNeighborhood;<0,36>
6;36;(8,0);;<0,42>
6;37;(7,0);outputNeighborhood;<0,36>
6;37;(7,0);;<0,42>
6;38;(5,7);outputNeighborhood;<0,54>
6;38;(5,7);;<0,63>
6;39;(0,1);outputNeighborhood;<0,84>
6;39;(0,1);;<0,98>
6;40;(1,4);outputNeighborhood;<0,102>
6;40;(1,4);;<0,119>
6;41;(9,8);outputNeighborhood;<0,36>
6;41;(9,8);;<0,42>
6;42;(6,0);outputNeighborhood;<0,36>
6;42;(6,0);;<0,42>
6;43;(5,9);outputNeighborhood;<0,36>
6;43;(5,9);;<0,42>
6;44;(7,3);outputNeighborhood;<0,54>
6;44;(7,3);;<0,63>
6;45;(1,1);outputNeighborhood;<1,54>
6;45;(1,1);;<1,63>
6;46;(7,5);outputNeighborhood;<0,54>
6;46;(7,5);;<0,63>
6;47;(8,9);outputNeighborhood;<0,36>
6;47;(8,9);;<0,42>
6;48;(2,1);outputNeighborhood;<1,90>
6;48;(2,1);;<1,105>
6;49;(2,8);outputNeighborhood;<0,54>
6;49;(2,8);;<0,63>
6;50;(3,3);outputNeighborhood;<1,54>
6;50;(3,3);;<1,63>
6;51;(3,0);outputNeighborhood;<0,84>
6;51;(3,0);;<0,98>
6;52;(1,3);outputNeighborhood;<1,54>
6;52;(1,3);;<1,63>
6;53;(9,3);outputNeighborhood;<0,36>
6;53;(9,3);;<0,42>
6;54;(1,5);outputNeighborhood;<0,54>
6;54;(1,5);;<0,63>
6;55;(6,5);outputNeighborhood;<0,54>
6;55;(6,5);;<0,63>
6;56;(0,9);outputNeighborhood;<0,24>
6;56;(0,9);;<0,28>
6;57;(8,3);outputNeighborhood;<0,54>
6;57;(8,3);;<0,63>
6;58;(4,2);outputNeighborhood;<0,126>
6;58;(4,2);;<0,147>
6;59;(0,3);outputNeighborhood;<0,84>
6;59;(0,3);;<0,98>
6;60;(3,8);outputNeighborhood;<0,54>
6;60;(3,8);;<0,63>
6;61;(2,3);outputNeighborhood;<1,90>
6;61;(2,3);;<1,105>
6;62;(3,1);outputNeighborhood;<1,54>
6;62;(3,1);;<1,63>
6;63;(2,4);outputNeighborhood;<0,126>
6;63;(2,4);;<0,147>
6;64;(5,0);outputNeighborhood;<0,36>
6;64;(5,0);;<0,42>
6;65;(4,0);outputNeighborhood;<0,60>
6;65;(4,0);;<0,70>
6;66;(1,2);outputNeighborhood;<1,90>
6;66;(1,2);;<1,105>
6;67;(0,0);outputNeighborhood;<0,48>
6;67;(0,0);;<0,56>
6;68;(6,2);outputNeighborhood;<0,54>
6;68;(6,2);;<0,63>
6;69;(3,2);outputNeighborhood;<1,90>
6;69;(3,2);;<1,105>
6;70;(3,5);outputNeighborhood;<0,54>
6;70;(3,5);;<0,63>
6;71;(3,6);outputNeighborhood;<0,54>
6;71;(3,6);;<0,63>
6;72;(2,0);outputNeighborhood;<0,108>
6;72;(2,0);;<0,126>
6;73;(7,2);outputNeighborhood;<0,54>
6;73;(7,2);;<0,63>
6;74;(8,6);outputNeighborhood;<0,54>
6;74;(8,6);;<0,63>
6;75;(8,2);outputNeighborhood;<0,54>
6;75;(8,2);;<0,63>
6;76;(0,2);outputNeighborhood;<0,108>
6;76;(0,2);;<0,126>
6;77;(4,1);outputNeighborhood;<0,102>
6;77;(4,1);;<0,119>
6;78;(9,2);outputNeighborhood;<0,36>
6;78;(9,2);;<0,42>
6;79;(5,3);outputNeighborhood;<0,54>
6;79;(5,3);;<0,63>
6;80;(6,3);outputNeighborhood;<0,54>
6;80;(6,3);;<0,63>
6;81;(4,3);outputNeighborhood;<0,102>
6;81;(4,3);;<0,119>
6;82;(0,4);outputNeighborhood;<0,60>
6;82;(0,4);;<0,70>
6;83;(4,7);outputNeighborhood;<0,54>
6;83;(4,7);;<0,63>
6;84;(0,5);outputNeighborhood;<0,36>
6;84;(0,5);;<0,42>
6;85;(3,4);outputNeighborhood;<0,102>
6;85;(3,4);;<0,119>
6;86;(4,4);outputNeighborhood;<0,78>
6;86;(4,4);;<0,91>
6;87;(4,5);outputNeighborhood;<0,54>
6;87;(4,5);;<0,63>
6;88;(7,4);outputNeighborhood;<0,54>
6;88;(7,4);;<0,63>
6;89;(5,4);outputNeighborhood;<0,54>
6;89;(5,4);;<0,63>
6;90;(1,6);outputNeighborhood;<0,54>
6;90;(1,6);;<0,63>
6;91;(9,0);outputNeighborhood;<0,24>
6;91;(9,0);;<0,28>
6;92;(8,4);outputNeighborhood;<0,54>
6;92;(8,4);;<0,63>
6;93;(6,4);outputNeighborhood;<0,54>
6;93;(6,4);;<0,63>
6;94;(7,6);outputNeighborhood;<0,54>
6;94;(7,6);;<0,63>
6;95;(1,0);outputNeighborhood;<0,84>
6;95;(1,0);;<0,98>
6;96;(9,4);outputNeighborhood;<0,36>
6;96;(9,4);;<0,42>
6;97;(8,1);outputNeighborhood;<0,54>
6;97;(8,1);;<0,63>
6;98;(5,1);outputNeighborhood;<0,54>
6;98;(5,1);;<0,63>
6;99;(2,5);outputNeighborhood;<0,54>
6;99;(2,5);;<0,63>
6;100;(5,5);outputNeighborhood;<0,54>
6;100;(5,5);;<0,63>
7;1;(7,9);outputNeighborhood;<0,42>
7;1;(7,9);;<0,48>
7;2;(6,9);outputNeighborhood;<0,42>
7;2;(6,9);;<0,48>
7;3;(4,9);outputNeighborhood;<0,42>
7;3;(4,9);;<0,48>
7;4;(1,9);outputNeighborhood;<0,42>
7;4;(1,9);;<0,48>
7;5;(8,8);outputNeighborhood;<0,63>
7;5;(8,8);;<0,72>
7;6;(7,8);outputNeighborhood;<0,63>
7;6;(7,8);;<0,72>
7;7;(6,8);outputNeighborhood;<0,63>
7;7;(6,8);;<0,72>
7;8;(5,8);outputNeighborhood;<0,63>
7;8;(5,8);;<0,72>
7;9;(4,8);outputNeighborhood;<0,63>
7;9;(4,8);;<0,72>
7;10;(1,8);outputNeighborhood;<0,63>
7;10;(1,8);;<0,72>
7;11;(0,8);outputNeighborhood;<0,42>
7;11;(0,8);;<0,48>
7;12;(9,7);outputNeighborhood;<0,42>
7;12;(9,7);;<0,48>
7;13;(8,7);outputNeighborhood;<0,63>
7;13;(8,7);;<0,72>
7;14;(9,9);outputNeighborhood;<0,28>
7;14;(9,9);;<0,32>
7;15;(6,7);outputNeighborhood;<0,63>
7;15;(6,7);;<0,72>
7;16;(3,7);outputNeighborhood;<0,63>
7;16;(3,7);;<0,72>
7;17;(2,7);outputNeighborhood;<0,63>
7;17;(2,7);;<0,72>
7;18;(1,7);outputNeighborhood;<0,63>
7;18;(1,7);;<0,72>
7;19;(0,7);outputNeighborhood;<0,42>
7;19;(0,7);;<0,48>
7;20;(9,6);outputNeighborhood;<0,42>
7;20;(9,6);;<0,48>
7;21;(6,6);outputNeighborhood;<0,63>
7;21;(6,6);;<0,72>
7;22;(5,6);outputNeighborhood;<0,63>
7;22;(5,6);;<0,72>
7;23;(2,6);outputNeighborhood;<0,63>
7;23;(2,6);;<0,72>
7;24;(7,7);outputNeighborhood;<0,63>
7;24;(7,7);;<0,72>
7;25;(0,6);outputNeighborhood;<0,42>
7;25;(0,6);;<0,48>
7;26;(4,6);outputNeighborhood;<0,63>
7;26;(4,6);;<0,72>
7;27;(2,2);outputNeighborhood;<0,287>
7;27;(2,2);;<0,328>
7;28;(3,9);outputNeighborhood;<0,42>
7;28;(3,9);;<0,48>
7;29;(5,2);outputNeighborhood;<0,63>
7;29;(5,2);;<0,72>
7;30;(2,9);outputNeighborhood;<0,42>
7;30;(2,9);;<0,48>
7;31;(9,5);outputNeighborhood;<0,42>
7;31;(9,5);;<0,48>
7;32;(9,1);outputNeighborhood;<0,42>
7;32;(9,1);;<0,48>
7;33;(7,1);outputNeighborhood;<0,63>
7;33;(7,1);;<0,72>
7;34;(6,1);outputNeighborhood;<0,63>
7;34;(6,1);;<0,72>
7;35;(8,5);outputNeighborhood;<0,63>
7;35;(8,5);;<0,72>
7;36;(8,0);outputNeighborhood;<0,42>
7;36;(8,0);;<0,48>
7;37;(7,0);outputNeighborhood;<0,42>
7;37;(7,0);;<0,48>
7;38;(5,7);outputNeighborhood;<0,63>
7;38;(5,7);;<0,72>
7;39;(0,1);outputNeighborhood;<0,98>
7;39;(0,1);;<0,112>
7;40;(1,4);outputNeighborhood;<0,119>
7;40;(1,4);;<0,136>
7;41;(9,8);outputNeighborhood;<0,42>
7;41;(9,8);;<0,48>
7;42;(6,0);outputNeighborhood;<0,42>
7;42;(6,0);;<0,48>
7;43;(5,9);outputNeighborhood;<0,42>
7;43;(5,9);;<0,48>
7;44;(7,3);outputNeighborhood;<0,63>
7;44;(7,3);;<0,72>
7;45;(1,1);outputNeighborhood;<1,63>
7;45;(1,1);;<1,72>
7;46;(7,5);outputNeighborhood;<0,63>
7;46;(7,5);;<0,72>
7;47;(8,9);outputNeighborhood;<0,42>
7;47;(8,9);;<0,48>
7;48;(2,1);outputNeighborhood;<1,105>
7;48;(2,1);;<1,120>
7;49;(2,8);outputNeighborhood;<0,63>
7;49;(2,8);;<0,72>
7;50;(3,3);outputNeighborhood;<1,63>
7;50;(3,3);;<1,72>
7;51;(3,0);outputNeighborhood;<0,98>
7;51;(3,0);;<0,112>
7;52;(1,3);outputNeighborhood;<1,63>
7;52;(1,3);;<1,72>
7;53;(9,3);outputNeighborhood;<0,42>
7;53;(9,3);;<0,48>
7;54;(1,5);outputNeighborhood;<0,63>
7;54;(1,5);;<0,72>
7;55;(6,5);outputNeighborhood;<0,63>
7;55;(6,5);;<0,72>
7;56;(0,9);outputNeighborhood;<0,28>
7;56;(0,9);;<0,32>
7;57;(8,3);outputNeighborhood;<0,63>
7;57;(8,3);;<0,72>
7;58;(4,2);outputNeighborhood;<0,147>
7;58;(4,2);;<0,168>
7;59;(0,3);outputNeighborhood;<0,98>
7;59;(0,3);;<0,112>
7;60;(3,8);outputNeighborhood;<0,63>
7;60;(3,8);;<0,72>
7;61;(2,3);outputNeighborhood;<1,105>
7;61;(2,3);;<1,120>
7;62;(3,1);outputNeighborhood;<1,63>
7;62;(3,1);;<1,72>
7;63;(2,4);outputNeighborhood;<0,147>
7;63;(2,4);;<0,168>
7;64;(5,0);outputNeighborhood;<0,42>
7;64;(5,0);;<0,48>
7;65;(4,0);outputNeighborhood;<0,70>
7;65;(4,0);;<0,80>
7;66;(1,2);outputNeighborhood;<1,105>
7;66;(1,2);;<1,120>
7;67;(0,0);outputNeighborhood;<0,56>
7;67;(0,0);;<0,64>
7;68;(6,2);outputNeighborhood;<0,63>
7;68;(6,2);;<0,72>
7;69;(3,2);outputNeighborhood;<1,105>
7;69;(3,2);;<1,120>
7;70;(3,5);outputNeighborhood;<0,63>
7;70;(3,5);;<0,72>
7;71;(3,6);outputNeighborhood;<0,63>
7;71;(3,6);;<0,72>
7;72;(2,0);outputNeighborhood;<0,126>
7;72;(2,0);;<0,144>
7;73;(7,2);outputNeighborhood;<0,63>
7;73;(7,2);;<0,72>
7;74;(8,6);outputNeighborhood;<0,63>
7;74;(8,6);;<0,72>
7;75;(8,2);outputNeighborhood;<0,63>
7;75;(8,2);;<0,72>
7;76;(0,2);outputNeighborhood;<0,126>
7;76;(0,2);;<0,144>
7;77;(4,1);outputNeighborhood;<0,119>
7;77;(4,1);;<0,136>
7;78;(9,2);outputNeighborhood;<0,42>
7;78;(9,2);;<0,48>
7;79;(5,3);outputNeighborhood;<0,63>
7;79;(5,3);;<0,72>
7;80;(6,3);outputNeighborhood;<0,63>
7;80;(6,3);;<0,72>
7;81;(4,3);outputNeighborhood;<0,119>
7;81;(4,3);;<0,136>
7;82;(0,4);outputNeighborhood;<0,70>
7;82;(0,4);;<0,80>
7;83;(4,7);outputNeighborhood;<0,63>
7;83;(4,7);;<0,72>
7;84;(0,5);outputNeighborhood;<0,42>
7;84;(0,5);;<0,48>
7;85;(3,4);outputNeighborhood;<0,119>
7;85;(3,4);;<0,136>
7;86;(4,4);outputNeighborhood;<0,91>
7;86;(4,4);;<0,104>
7;87;(4,5);outputNeighborhood;<0,63>
7;87;(4,5);;<0,72>
7;88;(7,4);outputNeighborhood;<0,63>
7;88;(7,4);;<0,72>
7;89;(5,4);outputNeighborhood;<0,63>
7;89;(5,4);;<0,72>
7;90;(1,6);outputNeighborhood;<0,63>
7;90;(1,6);;<0,72>
7;91;(9,0);outputNeighborhood;<0,28>
7;91;(9,0);;<0,32>
7;92;(8,4);outputNeighborhood;<0,63>
7;92;(8,4);;<0,72>
7;93;(6,4);outputNeighborhood;<0,63>
7;93;(6,4);;<0,72>
7;94;(7,6);outputNeighborhood;<0,63>
7;94;(7,6);;<0,72>
7;95;(1,0);outputNeighborhood;<0,98>
7;95;(1,0);;<0,112>
7;96;(9,4);outputNeighborhood;<0,42>
7;96;(9,4);;<0,48>
7;97;(8,1);outputNeighborhood;<0,63>
7;97;(8,1);;<0,72>
7;98;(5,1);outputNeighborhood;<0,63>
7;98;(5,1);;<0,72>
7;99;(2,5);outputNeighborhood;<0,63>
7;99;(2,5);;<0,72>
7;100;(5,5);outputNeighborhood;<0,63>
7;100;(5,5);;<0,72>
8;1;(7,9);outputNeighborhood;<0,48>
8;1;(7,9);;<0,54>
8;2;(6,9);outputNeighborhood;<0,48>
8;2;(6,9);;<0,54>
8;3;(4,9);outputNeighborhood;<0,48>
8;3;(4,9);;<0,54>
8;4;(1,9);outputNeighborhood;<0,48>
8;4;(1,9);;<0,54>
8;5;(8,8);outputNeighborhood;<0,72>
8;5;(8,8);;<0,81>
8;6;(7,8);outputNeighborhood;<0,72>
8;6;(7,8);;<0,81>
8;7;(6,8);outputNeighborhood;<0,72>
8;7;(6,8);;<0,81>
8;8;(5,8);outputNeighborhood;<0,72>
8;8;(5,8);;<0,81>
8;9;(4,8);outputNeighborhood;<0,72>
8;9;(4,8);;<0,81>
8;10;(1,8);outputNeighborhood;<0,72>
8;10;(1,8);;<0,81>
8;11;(0,8);outputNeighborhood;<0,48>
8;11;(0,8);;<0,54>
8;12;(9,7);outputNeighborhood;<0,48>
8;12;(9,7);;<0,54>
8;13;(8,7);outputNeighborhood;<0,72>
8;13;(8,7);;<0,81>
8;14;(9,9);outputNeighborhood;<0,32>
8;14;(9,9);;<0,36>
8;15;(6,7);outputNeighborhood;<0,72>
8;15;(6,7);;<0,81>
8;16;(3,7);outputNeighborhood;<0,72>
8;16;(3,7);;<0,81>
8;17;(2,7);outputNeighborhood;<0,72>
8;17;(2,7);;<0,81>
8;18;(1,7);outputNeighborhood;<0,72>
8;18;(1,7);;<0,81>
8;19;(0,7);outputNeighborhood;<0,48>
8;19;(0,7);;<0,54>
8;20;(9,6);outputNeighborhood;<0,48>
8;20;(9,6);;<0,54>
8;21;(6,6);outputNeighborhood;<0,72>
8;21;(6,6);;<0,81>
8;22;(5,6);outputNeighborhood;<0,72>
8;22;(5,6);;<0,81>
8;23;(2,6);outputNeighborhood;<0,72>
8;23;(2,6);;<0,81>
8;24;(7,7);outputNeighborhood;<0,72>
8;24;(7,7);;<0,81>
8;25;(0,6);outputNeighborhood;<0,48>
8;25;(0,6);;<0,54>
8;26;(4,6);outputNeighborhood;<0,72>
8;26;(4,6);;<0,81>
8;27;(2,2);outputNeighborhood;<0,328>
8;27;(2,2);;<0,369>
8;28;(3,9);outputNeighborhood;<0,48>
8;28;(3,9);;<0,54>
8;29;(5,2);outputNeighborhood;<0,72>
8;29;(5,2);;<0,81>
8;30;(2,9);outputNeighborhood;<0,48>
8;30;(2,9);;<0,54>
8;31;(9,5);outputNeighborhood;<0,48>
8;31;(9,5);;<0,54>
8;32;(9,1);outputNeighborhood;<0,48>
8;32;(9,1);;<0,54>
8;33;(7,1);outputNeighborhood;<0,72>
8;33;(7,1);;<0,81>
8;34;(6,1);outputNeighborhood;<0,72>
8;34;(6,1);;<0,81>
8;35;(8,5);outputNeighborhood;<0,72>
8;35;(8,5);;<0,81>
8;36;(8,0);outputNeighborhood;<0,48>
8;36;(8,0);;<0,54>
8;37;(7,0);outputNeighborhood;<0,48>
8;37;(7,0);;<0,54>
8;38;(5,7);outputNeighborhood;<0,72>
8;38;(5,7);;<0,81>
8;39;(0,1);outputNeighborhood;<0,112>
8;39;(0,1);;<0,126>
8;40;(1,4);outputNeighborhood;<0,136>
8;40;(1,4);;<0,153>
8;41;(9,8);outputNeighborhood;<0,48>
8;41;(9,8);;<0,54>
8;42;(6,0);outputNeighborhood;<0,48>
8;42;(6,0);;<0,54>
8;43;(5,9);outputNeighborhood;<0,48>
8;43;(5,9);;<0,54>
8;44;(7,3);outputNeighborhood;<0,72>
8;44;(7,3);;<0,81>
8;45;(1,1);outputNeighborhood;<1,72>
8;45;(1,1);;<1,81>
8;46;(7,5);outputNeighborhood;<0,72>
8;46;(7,5);;<0,81>
8;47;(8,9);outputNeighborhood;<0,48>
8;47;(8,9);;<0,54>
8;48;(2,1);outputNeighborhood;<1,120>
8;48;(2,1);;<1,135>
8;49;(2,8);outputNeighborhood;<0,72>
8;49;(2,8);;<0,81>
8;50;(3,3);outputNeighborhood;<1,72>
8;50;(3,3);;<1,81>
8;51;(3,0);outputNeighborhood;<0,112>
8;51;(3,0);;<0,126>
8;52;(1,3);outputNeighborhood;<1,72>
8;52;(1,3);;<1,81>
8;53;(9,3);outputNeighborhood;<0,48>
8;53;(9,3);;<0,54>
8;54;(1,5);outputNeighborhood;<0,72>
8;54;(1,5);;<0,81>
8;55;(6,5);outputNeighborhood;<0,72>
8;55;(6,5);;<0,81>
8;56;(0,9);outputNeighborhood;<0,32>
8;56;(0,9);;<0,36>
8;57;(8,3);outputNeighborhood;<0,72>
8;57;(8,3);;<0,81>
8;58;(4,2);outputNeighborhood;<0,168>
8;58;(4,2);;<0,189>
8;59;(0,3);outputNeighborhood;<0,112>
8;59;(0,3);;<0,126>
8;60;(3,8);outputNeighborhood;<0,72>
8;60;(3,8);;<0,81>
8;61;(2,3);outputNeighborhood;<1,120>
8;61;(2,3);;<1,135>
8;62;(3,1);outputNeighborhood;<1,72>
8;62;(3,1);;<1,81>
8;63;(2,4);outputNeighborhood;<0,168>
8;63;(2,4);;<0,189>
8;64;(5,0);outputNeighborhood;<0,48>
8;64;(5,0);;<0,54>
8;65;(4,0);outputNeighborhood;<0,80>
8;65;(4,0);;<0,90>
8;66;(1,2);outputNeighborhood;<1,120>
8;66;(1,2);;<1,135>
8;67;(0,0);outputNeighborhood;<0,64>
8;67;(0,0);;<0,72>
8;68;(6,2);outputNeighborhood;<0,72>
8;68;(6,2);;<0,81>
8;69;(3,2);outputNeighborhood;<1,120>
8;69;(3,2);;<1,135>
8;70;(3,5);outputNeighborhood;<0,72>
8;70;(3,5);;<0,81>
8;71;(3,6);outputNeighborhood;<0,72>
8;71;(3,6);;<0,81>
8;72;(2,0);outputNeighborhood;<0,144>
8;72;(2,0);;<0,162>
8;73;(7,2);outputNeighborhood;<0,72>
8;73;(7,2);;<0,81>
8;74;(8,6);outputNeighborhood;<0,72>
8;74;(8,6);;<0,81>
8;75;(8,2);outputNeighborhood;<0,72>
8;75;(8,2);;<0,81>
8;76;(0,2);outputNeighborhood;<0,144>
8;76;(0,2);;<0,162>
8;77;(4,1);outputNeighborhood;<0,136>
8;77;(4,1);;<0,153>
8;78;(9,2);outputNeighborhood;<0,48>
8;78;(9,2);;<0,54>
8;79;(5,3);outputNeighborhood;<0,72>
8;79;(5,3);;<0,81>
8;80;(6,3);outputNeighborhood;<0,72>
8;80;(6,3);;<0,81>
8;81;(4,3);outputNeighborhood;<0,136>
8;81;(4,3);;<0,153>
8;82;(0,4);outputNeighborhood;<0,80>
8;82;(0,4);;<0,90>
8;83;(4,7);outputNeighborhood;<0,72>
8;83;(4,7);;<0,81>
8;84;(0,5);outputNeighborhood;<0,48>
8;84;(0,5);;<0,54>
8;85;(3,4);outputNeighborhood;<0,136>
8;85;(3,4);;<0,153>
8;86;(4,4);outputNeighborhood;<0,104>
8;86;(4,4);;<0,117>
8;87;(4,5);outputNeighborhood;<0,72>
8;87;(4,5);;<0,81>
8;88;(7,4);outputNeighborhood;<0,72>
8;88;(7,4);;<0,81>
8;89;(5,4);outputNeighborhood;<0,72>
8;89;(5,4);;<0,81>
8;90;(1,6);outputNeighborhood;<0,72>
8;90;(1,6);;<0,81>
8;91;(9,0);outputNeighborhood;<0,32>
8;91;(9,0);;<0,36>
8;92;(8,4);outputNeighborhood;<0,72>
8;92;(8,4);;<0,81>
8;93;(6,4);outputNeighborhood;<0,72>
8;93;(6,4);;<0,81>
8;94;(7,6);outputNeighborhood;<0,72>
8;94;(7,6);;<0,81>
8;95;(1,0);outputNeighborhood;<0,112>
8;95;(1,0);;<0,126>
8;96;(9,4);outputNeighborhood;<0,48>
8;96;(9,4);;<0,54>
8;97;(8,1);outputNeighborhood;<0,72>
8;97;(8,1);;<0,81>
8;98;(5,1);outputNeighborhood;<0,72>
8;98;(5,1);;<0,81>
8;99;(2,5);outputNeighborhood;<0,72>
8;99;(2,5);;<0,81>
8;100;(5,5);outputNeighborhood;<0,72>
8;100;(5,5);;<0,81>
9;1;(7,9);outputNeighborhood;<0,54>
9;1;(7,9);;<0,60>
9;2;(6,9);outputNeighborhood;<0,54>
9;2;(6,9);;<0,60>
9;3;(4,9);outputNeighborhood;<0,54>
9;3;(4,9);;<0,60>
9;4;(1,9);outputNeighborhood;<0,54>
9;4;(1,9);;<0,60>
9;5;(8,8);outputNeighborhood;<0,81>
9;5;(8,8);;<0,90>
9;6;(7,8);outputNeighborhood;<0,81>
9;6;(7,8);;<0,90>
9;7;(6,8);outputNeighborhood;<0,81>
9;7;(6,8);;<0,90>
9;8;(5,8);outputNeighborhood;<0,81>
9;8;(5,8);;<0,90>
9;9;(4,8);outputNeighborhood;<0,81>
9;9;(4,8);;<0,90>
9;10;(1,8);outputNeighborhood;<0,81>
9;10;(1,8);;<0,90>
9;11;(0,8);outputNeighborhood;<0,54>
9;11;(0,8);;<0,60>
9;12;(9,7);outputNeighborhood;<0,54>
9;12;(9,7);;<0,60>
9;13;(8,7);outputNeighborhood;<0,81>
9;13;(8,7);;<0,90>
9;14;(9,9);outputNeighborhood;<0,36>
9;14;(9,9);;<0,40>
9;15;(6,7);outputNeighborhood;<0,81>
9;15;(6,7);;<0,90>
9;16;(3,7);outputNeighborhood;<0,81>
9;16;(3,7);;<0,90>
9;17;(2,7);outputNeighborhood;<0,81>
9;17;(2,7);;<0,90>
9;18;(1,7);outputNeighborhood;<0,81>
9;18;(1,7);;<0,90>
9;19;(0,7);outputNeighborhood;<0,54>
9;19;(0,7);;<0,60>
9;20;(9,6);outputNeighborhood;<0,54>
9;20;(9,6);;<0,60>
9;21;(6,6);outputNeighborhood;<0,81>
9;21;(6,6);;<0,90>
9;22;(5,6);outputNeighborhood;<0,81>
9;22;(5,6);;<0,90>
9;23;(2,6);outputNeighborhood;<0,81>
9;23;(2,6);;<0,90>
9;24;(7,7);outputNeighborhood;<0,81>
9;24;(7,7);;<0,90>
9;25;(0,6);outputNeighborhood;<0,54>
9;25;(0,6);;<0,60>
9;26;(4,6);outputNeighborhood;<0,81>
9;26;(4,6);;<0,90>
9;27;(2,2);outputNeighborhood;<0,369>
9;27;(2,2);;<0,410>
9;28;(3,9);outputNeighborhood;<0,54>
9;28;(3,9);;<0,60>
9;29;(5,2);outputNeighborhood;<0,81>
9;29;(5,2);;<0,90>
9;30;(2,9);outputNeighborhood;<0,54>
9;30;(2,9);;<0,60>
9;31;(9,5);outputNeighborhood;<0,54>
9;31;(9,5);;<0,60>
9;32;(9,1);outputNeighborhood;<0,54>
9;32;(9,1);;<0,60>
9;33;(7,1);outputNeighborhood;<0,81>
9;33;(7,1);;<0,90>
9;34;(6,1);outputNeighborhood;<0,81>
9;34;(6,1);;<0,90>
9;35;(8,5);outputNeighborhood;<0,81>
9;35;(8,5);;<0,90>
9;36;(8,0);outputNeighborhood;<0,54>
9;36;(8,0);;<0,60>
9;37;(7,0);outputNeighborhood;<0,54>
9;37;(7,0);;<0,60>
9;38;(5,7);outputNeighborhood;<0,81>
9;38;(5,7);;<0,90>
9;39;(0,1);outputNeighborhood;<0,126>
9;39;(0,1);;<0,140>
9;40;(1,4);outputNeighborhood;<0,153>
9;40;(1,4);;<0,170>
9;41;(9,8);outputNeighborhood;<0,54>
9;41;(9,8);;<0,60>
9;42;(6,0);outputNeighborhood;<0,54>
9;42;(6,0);;<0,60>
9;43;(5,9);outputNeighborhood;<0,54>
9;43;(5,9);;<0,60>
9;44;(7,3);outputNeighborhood;<0,81>
9;44;(7,3);;<0,90>
9;45;(1,1);outputNeighborhood;<1,81>
9;45;(1,1);;<1,90>
9;46;(7,5);outputNeighborhood;<0,81>
9;46;(7,5);;<0,90>
9;47;(8,9);outputNeighborhood;<0,54>
9;47;(8,9);;<0,60>
9;48;(2,1);outputNeighborhood;<1,135>
9;48;(2,1);;<1,150>
9;49;(2,8);outputNeighborhood;<0,81>
9;49;(2,8);;<0,90>
9;50;(3,3);outputNeighborhood;<1,81>
9;50;(3,3);;<1,90>
9;51;(3,0);outputNeighborhood;<0,126>
9;51;(3,0);;<0,140>
9;52;(1,3);outputNeighborhood;<1,81>
9;52;(1,3);;<1,90>
9;53;(9,3);outputNeighborhood;<0,54>
9;53;(9,3);;<0,60>
9;54;(1,5);outputNeighborhood;<0,81>
9;54;(1,5);;<0,90>
9;55;(6,5);outputNeighborhood;<0,81>
9;55;(6,5);;<0,90>
9;56;(0,9);outputNeighborhood;<0,36>
9;56;(0,9);;<0,40>
9;57;(8,3);outputNeighborhood;<0,81>
9;57;(8,3);;<0,90>
9;58;(4,2);outputNeighborhood;<0,189>
9;58;(4,2);;<0,210>
9;59;(0,3);outputNeighborhood;<0,126>
9;59;(0,3);;<0,140>
9;60;(3,8);outputNeighborhood;<0,81>
9;60;(3,8);;<0,90>
9;61;(2,3);outputNeighborhood;<1,135>
9;61;(2,3);;<1,150>
9;62;(3,1);outputNeighborhood;<1,81>
9;62;(3,1);;<1,90>
9;63;(2,4);outputNeighborhood;<0,189>
9;63;(2,4);;<0,210>
9;64;(5,0);outputNeighborhood;<0,54>
9;64;(5,0);;<0,60>
9;65;(4,0);outputNeighborhood;<0,90>
9;65;(4,0);;<0,100>
9;66;(1,2);outputNeighborhood;<1,135>
9;66;(1,2);;<1,150>
9;67;(0,0);outputNeighborhood;<0,72>
9;67;(0,0);;<0,80>
9;68;(6,2);outputNeighborhood;<0,81>
9;68;(6,2);;<0,90>
9;69;(3,2);outputNeighborhood;<1,135>
9;69;(3,2);;<1,150>
9;70;(3,5);outputNeighborhood;<0,81>
9;70;(3,5);;<0,90>
9;71;(3,6);outputNeighborhood;<0,81>
9;71;(3,6);;<0,90>
9;72;(2,0);outputNeighborhood;<0,162>
9;72;(2,0);;<0,180>
9;73;(7,2);outputNeighborhood;<0,81>
9;73;(7,2);;<0,90>
9;74;(8,6);outputNeighborhood;<0,81>
9;74;(8,6);;<0,90>
9;75;(8,2);outputNeighborhood;<0,81>
9;75;(8,2);;<0,90>
9;76;(0,2);outputNeighborhood;<0,162>
9;76;(0,2);;<0,180>
9;77;(4,1);outputNeighborhood;<0,153>
9;77;(4,1);;<0,170>
9;78;(9,2);outputNeighborhood;<0,54>
9;78;(9,2);;<0,60>
9;79;(5,3);outputNeighborhood;<0,81>
9;79;(5,3);;<0,90>
9;80;(6,3);outputNeighborhood;<0,81>
9;80;(6,3);;<0,90>
9;81;(4,3);outputNeighborhood;<0,153>
9;81;(4,3);;<0,170>
9;82;(0,4);outputNeighborhood;<0,90>
9;82;(0,4);;<0,100>
9;83;(4,7);outputNeighborhood;<0,81>
9;83;(4,7);;<0,90>
9;84;(0,5);outputNeighborhood;<0,54>
9;84;(0,5);;<0,60>
9;85;(3,4);outputNeighborhood;<0,153>
9;85;(3,4);;<0,170>
9;86;(4,4);outputNeighborhood;<0,117>
9;86;(4,4);;<0,130>
9;87;(4,5);outputNeighborhood;<0,81>
9;87;(4,5);;<0,90>
9;88;(7,4);outputNeighborhood;<0,81>
9;88;(7,4);;<0,90>
9;89;(5,4);outputNeighborhood;<0,81>
9;89;(5,4);;<0,90>
9;90;(1,6);outputNeighborhood;<0,81>
9;90;(1,6);;<0,90>
9;91;(9,0);outputNeighborhood;<0,36>
9;91;(9,0);;<0,40>
9;92;(8,4);outputNeighborhood;<0,81>
9;92;(8,4);;<0,90>
9;93;(6,4);outputNeighborhood;<0,81>
9;93;(6,4);;<0,90>
9;94;(7,6);outputNeighborhood;<0,81>
9;94;(7,6);;<0,90>
9;95;(1,0);outputNeighborhood;<0,126>
9;95;(1,0);;<0,140>
9;96;(9,4);outputNeighborhood;<0,54>
9;96;(9,4);;<0,60>
9;97;(8,1);outputNeighborhood;<0,81>
9;97;(8,1);;<0,90>
9;98;(5,1);outputNeighborhood;<0,81>
9;98;(5,1);;<0,90>
9;99;(2,5);outputNeighborhood;<0,81>
9;99;(2,5);;<0,90>
9;100;(5,5);outputNeighborhood;<0,81>
9;100;(5,5);;<0,90>
9;1;(7,9);;<0,60>
9;2;(6,9);;<0,60>
9;3;(4,9);;<0,60>
9;4;(1,9);;<0,60>
9;5;(8,8);;<0,90>
9;6;(7,8);;<0,90>
9;7;(6,8);;<0,90>
9;8;(5,8);;<0,90>
9;9;(4,8);;<0,90>
9;10;(1,8);;<0,90>
9;11;(0,8);;<0,60>
9;12;(9,7);;<0,60>
9;13;(8,7);;<0,90>
9;14;(9,9);;<0,40>
9;15;(6,7);;<0,90>
9;16;(3,7);;<0,90>
9;17;(2,7);;<0,90>
9;18;(1,7);;<0,90>
9;19;(0,7);;<0,60>
9;20;(9,6);;<0,60>
9;21;(6,6);;<0,90>
9;22;(5,6);;<0,90>
9;23;(2,6);;<0,90>
9;24;(7,7);;<0,90>
9;25;(0,6);;<0,60>
9;26;(4,6);;<0,90>
9;27;(2,2);;<0,410>
9;28;(3,9);;<0,60>
9;29;(5,2);;<0,90>
9;30;(2,9);;<0,60>
9;31;(9,5);;<0,60>
9;32;(9,1);;<0,60>
9;33;(7,1);;<0,90>
9;34;(6,1);;<0,90>
9;35;(8,5);;<0,90>
9;36;(8,0);;<0,60>
9;37;(7,0);;<0,60>
9;38;(5,7);;<0,90>
9;39;(0,1);;<0,140>
9;40;(1,4);;<0,170>
9;41;(9,8);;<0,60>
9;42;(6,0);;<0,60>
9;43;(5,9);;<0,60>
9;44;(7,3);;<0,90>
9;45;(1,1);;<1,90>
9;46;(7,5);;<0,90>
9;47;(8,9);;<0,60>
9;48;(2,1);;<1,150>
9;49;(2,8);;<0,90>
9;50;(3,3);;<1,90>
9;51;(3,0);;<0,140>
9;52;(1,3);;<1,90>
9;53;(9,3);;<0,60>
9;54;(1,5);;<0,90>
9;55;(6,5);;<0,90>
9;56;(0,9);;<0,40>
9;57;(8,3);;<0,90>
9;58;(4,2);;<0,210>
9;59;(0,3);;<0,140>
9;60;(3,8);;<0,90>
9;61;(2,3);;<1,150>
9;62;(3,1);;<1,90>
9;63;(2,4);;<0,210>
9;64;(5,0);;<0,60>
9;65;(4,0);;<0,100>
9;66;(1,2);;<1,150>
9;67;(0,0);;<0,80>
9;68;(6,2);;<0,90>
9;69;(3,2);;<1,150>
9;70;(3,5);;<0,90>
9;71;(3,6);;<0,90>
9;72;(2,0);;<0,180>
9;73;(7,2);;<0,90>
9;74;(8,6);;<0,90>
9;75;(8,2);;<0,90>
9;76;(0,2);;<0,180>
9;77;(4,1);;<0,170>
9;78;(9,2);;<0,60>
9;79;(5,3);;<0,90>
9;80;(6,3);;<0,90>
9;81;(4,3);;<0,170>
9;82;(0,4);;<0,100>
9;83;(4,7);;<0,90>
9;84;(0,5);;<0,60>
9;85;(3,4);;<0,170>
9;86;(4,4);;<0,130>
9;87;(4,5);;<0,90>
9;88;(7,4);;<0,90>
9;89;(5,4);;<0,90>
9;90;(1,6);;<0,90>
9;91;(9,0);;<0,40>
9;92;(8,4);;<0,90>
9;93;(6,4);;<0,90>
9;94;(7,6);;<0,90>
9;95;(1,0);;<0,140>
9;96;(9,4);;<0,60>
9;97;(8,1);;<0,90>
9;98;(5,1);;<0,90>
9;99;(2,5);;<0,90>
9;100;(5,5);;<0,90>
